FECHAHAB,IDHAB,PRECIODIA,RESERVA,NOMBRERESERVA
4/2/2023,HAB_1,500000,true,HUESPED_2
4/2/2023,HAB_2,750000,true,HUESPED_4
4/2/2023,HAB_3,1000000,true,HUESPED_6
4/2/2023,HAB_4,500000,true,HUESPED_9
4/2/2023,HAB_5,750000,false,NULL
4/3/2023,HAB_1,500000,true,HUESPED_2
4/3/2023,HAB_2,750000,true,HUESPED_4
4/3/2023,HAB_3,1000000,true,HUESPED_6
4/3/2023,HAB_4,500000,true,HUESPED_9
4/3/2023,HAB_5,750000,false,NULL
4/4/2023,HAB_1,500000,true,HUESPED_2
4/4/2023,HAB_2,750000,true,HUESPED_4
4/4/2023,HAB_3,1000000,true,HUESPED_6
4/4/2023,HAB_4,500000,true,HUESPED_9
4/4/2023,HAB_5,750000,false,NULL
4/5/2023,HAB_1,500000,true,HUESPED_2
4/5/2023,HAB_2,750000,true,HUESPED_4
4/5/2023,HAB_3,1000000,true,HUESPED_6
4/5/2023,HAB_4,500000,true,HUESPED_9
4/5/2023,HAB_5,750000,false,NULL
4/6/2023,HAB_1,500000,true,HUESPED_2
4/6/2023,HAB_2,750000,true,HUESPED_4
4/6/2023,HAB_3,1000000,true,HUESPED_6
4/6/2023,HAB_4,500000,true,HUESPED_9
4/6/2023,HAB_5,750000,false,NULL
4/7/2023,HAB_1,500000,true,HUESPED_2
4/7/2023,HAB_2,750000,true,HUESPED_4
4/7/2023,HAB_3,1000000,true,HUESPED_6
4/7/2023,HAB_4,500000,true,HUESPED_9
4/7/2023,HAB_5,750000,false,NULL
4/8/2023,HAB_1,500000,true,HUESPED_2
4/8/2023,HAB_2,750000,true,HUESPED_4
4/8/2023,HAB_3,1000000,true,HUESPED_6
4/8/2023,HAB_4,500000,true,HUESPED_9
4/8/2023,HAB_5,750000,false,NULL
4/9/2023,HAB_1,500000,true,HUESPED_2
4/9/2023,HAB_2,750000,true,HUESPED_4
4/9/2023,HAB_3,1000000,true,HUESPED_6
4/9/2023,HAB_4,500000,true,HUESPED_9
4/9/2023,HAB_5,750000,false,NULL
4/10/2023,HAB_1,500000,true,HUESPED_2
4/10/2023,HAB_2,750000,true,HUESPED_4
4/10/2023,HAB_3,1000000,true,HUESPED_6
4/10/2023,HAB_4,500000,true,HUESPED_9
4/10/2023,HAB_5,750000,false,NULL
4/11/2023,HAB_1,500000,true,HUESPED_2
4/11/2023,HAB_2,750000,true,HUESPED_4
4/11/2023,HAB_3,1000000,true,HUESPED_6
4/11/2023,HAB_4,500000,true,HUESPED_9
4/11/2023,HAB_5,750000,false,NULL
4/12/2023,HAB_1,500000,true,HUESPED_2
4/12/2023,HAB_2,750000,true,HUESPED_4
4/12/2023,HAB_3,1000000,true,HUESPED_6
4/12/2023,HAB_4,500000,true,HUESPED_9
4/12/2023,HAB_5,750000,false,NULL
4/13/2023,HAB_1,500000,true,HUESPED_2
4/13/2023,HAB_2,750000,true,HUESPED_4
4/13/2023,HAB_3,1000000,true,HUESPED_6
4/13/2023,HAB_4,500000,true,HUESPED_9
4/13/2023,HAB_5,750000,false,NULL
4/14/2023,HAB_1,500000,true,HUESPED_2
4/14/2023,HAB_2,750000,true,HUESPED_4
4/14/2023,HAB_3,1000000,true,HUESPED_6
4/14/2023,HAB_4,500000,true,HUESPED_9
4/14/2023,HAB_5,750000,false,NULL
4/15/2023,HAB_1,500000,true,HUESPED_2
4/15/2023,HAB_2,750000,true,HUESPED_4
4/15/2023,HAB_3,1000000,true,HUESPED_6
4/15/2023,HAB_4,500000,true,HUESPED_9
4/15/2023,HAB_5,750000,false,NULL
4/16/2023,HAB_1,500000,true,HUESPED_2
4/16/2023,HAB_2,750000,true,HUESPED_4
4/16/2023,HAB_3,1000000,true,HUESPED_6
4/16/2023,HAB_4,500000,true,HUESPED_9
4/16/2023,HAB_5,750000,false,NULL
4/17/2023,HAB_1,500000,true,HUESPED_2
4/17/2023,HAB_2,750000,true,HUESPED_4
4/17/2023,HAB_3,1000000,true,HUESPED_6
4/17/2023,HAB_4,500000,true,HUESPED_9
4/17/2023,HAB_5,750000,false,NULL
4/18/2023,HAB_1,500000,true,HUESPED_2
4/18/2023,HAB_2,750000,true,HUESPED_4
4/18/2023,HAB_3,1000000,true,HUESPED_6
4/18/2023,HAB_4,500000,true,HUESPED_9
4/18/2023,HAB_5,750000,false,NULL
4/19/2023,HAB_1,500000,true,HUESPED_2
4/19/2023,HAB_2,750000,true,HUESPED_4
4/19/2023,HAB_3,1000000,true,HUESPED_6
4/19/2023,HAB_4,500000,true,HUESPED_9
4/19/2023,HAB_5,750000,false,NULL
4/20/2023,HAB_1,500000,true,HUESPED_2
4/20/2023,HAB_2,750000,true,HUESPED_4
4/20/2023,HAB_3,1000000,true,HUESPED_6
4/20/2023,HAB_4,500000,true,HUESPED_9
4/20/2023,HAB_5,750000,false,NULL
4/21/2023,HAB_1,500000,true,HUESPED_2
4/21/2023,HAB_2,750000,true,HUESPED_4
4/21/2023,HAB_3,1000000,true,HUESPED_6
4/21/2023,HAB_4,500000,true,HUESPED_9
4/21/2023,HAB_5,750000,false,NULL
4/22/2023,HAB_1,500000,true,HUESPED_2
4/22/2023,HAB_2,750000,true,HUESPED_4
4/22/2023,HAB_3,1000000,true,HUESPED_6
4/22/2023,HAB_4,500000,true,HUESPED_9
4/22/2023,HAB_5,750000,false,NULL
4/23/2023,HAB_1,500000,true,HUESPED_2
4/23/2023,HAB_2,750000,true,HUESPED_4
4/23/2023,HAB_3,1000000,true,HUESPED_6
4/23/2023,HAB_4,500000,true,HUESPED_9
4/23/2023,HAB_5,750000,false,NULL
4/24/2023,HAB_1,500000,true,HUESPED_2
4/24/2023,HAB_2,750000,true,HUESPED_4
4/24/2023,HAB_3,1000000,true,HUESPED_6
4/24/2023,HAB_4,500000,true,HUESPED_9
4/24/2023,HAB_5,750000,false,NULL
4/25/2023,HAB_1,500000,true,HUESPED_2
4/25/2023,HAB_2,750000,true,HUESPED_4
4/25/2023,HAB_3,1000000,true,HUESPED_6
4/25/2023,HAB_4,500000,true,HUESPED_9
4/25/2023,HAB_5,750000,false,NULL
4/26/2023,HAB_1,500000,true,HUESPED_2
4/26/2023,HAB_2,750000,true,HUESPED_4
4/26/2023,HAB_3,1000000,true,HUESPED_6
4/26/2023,HAB_4,500000,true,HUESPED_9
4/26/2023,HAB_5,750000,false,NULL
4/27/2023,HAB_1,500000,true,HUESPED_2
4/27/2023,HAB_2,750000,true,HUESPED_4
4/27/2023,HAB_3,1000000,true,HUESPED_6
4/27/2023,HAB_4,500000,true,HUESPED_9
4/27/2023,HAB_5,750000,false,NULL
4/28/2023,HAB_1,500000,true,HUESPED_2
4/28/2023,HAB_2,750000,true,HUESPED_4
4/28/2023,HAB_3,1000000,true,HUESPED_6
4/28/2023,HAB_4,500000,true,HUESPED_9
4/28/2023,HAB_5,750000,false,NULL
4/29/2023,HAB_1,500000,true,HUESPED_2
4/29/2023,HAB_2,750000,true,HUESPED_4
4/29/2023,HAB_3,1000000,true,HUESPED_6
4/29/2023,HAB_4,500000,true,HUESPED_9
4/29/2023,HAB_5,750000,false,NULL
4/30/2023,HAB_1,500000,true,HUESPED_2
4/30/2023,HAB_2,750000,true,HUESPED_4
4/30/2023,HAB_3,1000000,true,HUESPED_6
4/30/2023,HAB_4,500000,true,HUESPED_9
4/30/2023,HAB_5,750000,false,NULL
5/1/2023,HAB_1,500000,true,HUESPED_2
5/1/2023,HAB_2,750000,true,HUESPED_4
5/1/2023,HAB_3,1000000,true,HUESPED_6
5/1/2023,HAB_4,500000,true,HUESPED_9
5/1/2023,HAB_5,750000,false,NULL
5/2/2023,HAB_1,500000,true,HUESPED_2
5/2/2023,HAB_2,750000,true,HUESPED_4
5/2/2023,HAB_3,1000000,true,HUESPED_6
5/2/2023,HAB_4,500000,true,HUESPED_9
5/2/2023,HAB_5,750000,false,NULL
5/3/2023,HAB_1,500000,true,HUESPED_2
5/3/2023,HAB_2,750000,true,HUESPED_4
5/3/2023,HAB_3,1000000,true,HUESPED_6
5/3/2023,HAB_4,500000,true,HUESPED_9
5/3/2023,HAB_5,750000,false,NULL
5/4/2023,HAB_1,500000,true,HUESPED_2
5/4/2023,HAB_2,750000,true,HUESPED_4
5/4/2023,HAB_3,1000000,true,HUESPED_6
5/4/2023,HAB_4,500000,true,HUESPED_9
5/4/2023,HAB_5,750000,false,NULL
5/5/2023,HAB_1,500000,true,HUESPED_2
5/5/2023,HAB_2,750000,true,HUESPED_4
5/5/2023,HAB_3,1000000,true,HUESPED_6
5/5/2023,HAB_4,500000,true,HUESPED_9
5/5/2023,HAB_5,750000,false,NULL
5/6/2023,HAB_1,500000,true,HUESPED_2
5/6/2023,HAB_2,750000,true,HUESPED_4
5/6/2023,HAB_3,1000000,true,HUESPED_6
5/6/2023,HAB_4,500000,true,HUESPED_9
5/6/2023,HAB_5,750000,false,NULL
5/7/2023,HAB_1,500000,true,HUESPED_2
5/7/2023,HAB_2,750000,true,HUESPED_4
5/7/2023,HAB_3,1000000,true,HUESPED_6
5/7/2023,HAB_4,500000,true,HUESPED_9
5/7/2023,HAB_5,750000,false,NULL
5/8/2023,HAB_1,500000,true,HUESPED_2
5/8/2023,HAB_2,750000,true,HUESPED_4
5/8/2023,HAB_3,1000000,true,HUESPED_6
5/8/2023,HAB_4,500000,true,HUESPED_9
5/8/2023,HAB_5,750000,false,NULL
5/9/2023,HAB_1,500000,true,HUESPED_2
5/9/2023,HAB_2,750000,true,HUESPED_4
5/9/2023,HAB_3,1000000,true,HUESPED_6
5/9/2023,HAB_4,500000,true,HUESPED_9
5/9/2023,HAB_5,750000,false,NULL
5/10/2023,HAB_1,500000,true,HUESPED_2
5/10/2023,HAB_2,750000,true,HUESPED_4
5/10/2023,HAB_3,1000000,true,HUESPED_6
5/10/2023,HAB_4,500000,true,HUESPED_9
5/10/2023,HAB_5,750000,false,NULL
5/11/2023,HAB_1,500000,true,HUESPED_2
5/11/2023,HAB_2,750000,true,HUESPED_4
5/11/2023,HAB_3,1000000,true,HUESPED_6
5/11/2023,HAB_4,500000,true,HUESPED_9
5/11/2023,HAB_5,750000,false,NULL
5/12/2023,HAB_1,500000,true,HUESPED_2
5/12/2023,HAB_2,750000,true,HUESPED_4
5/12/2023,HAB_3,1000000,true,HUESPED_6
5/12/2023,HAB_4,500000,true,HUESPED_9
5/12/2023,HAB_5,750000,false,NULL
5/13/2023,HAB_1,500000,true,HUESPED_2
5/13/2023,HAB_2,750000,true,HUESPED_4
5/13/2023,HAB_3,1000000,true,HUESPED_6
5/13/2023,HAB_4,500000,true,HUESPED_9
5/13/2023,HAB_5,750000,false,NULL
5/14/2023,HAB_1,500000,true,HUESPED_2
5/14/2023,HAB_2,750000,true,HUESPED_4
5/14/2023,HAB_3,1000000,true,HUESPED_6
5/14/2023,HAB_4,500000,true,HUESPED_9
5/14/2023,HAB_5,750000,false,NULL
5/15/2023,HAB_1,500000,true,HUESPED_2
5/15/2023,HAB_2,750000,true,HUESPED_4
5/15/2023,HAB_3,1000000,true,HUESPED_6
5/15/2023,HAB_4,500000,true,HUESPED_9
5/15/2023,HAB_5,750000,false,NULL
5/16/2023,HAB_1,500000,true,HUESPED_2
5/16/2023,HAB_2,750000,true,HUESPED_4
5/16/2023,HAB_3,1000000,true,HUESPED_6
5/16/2023,HAB_4,500000,true,HUESPED_9
5/16/2023,HAB_5,750000,false,NULL
5/17/2023,HAB_1,500000,true,HUESPED_2
5/17/2023,HAB_2,750000,true,HUESPED_4
5/17/2023,HAB_3,1000000,true,HUESPED_6
5/17/2023,HAB_4,500000,true,HUESPED_9
5/17/2023,HAB_5,750000,false,NULL
5/18/2023,HAB_1,500000,true,HUESPED_2
5/18/2023,HAB_2,750000,true,HUESPED_4
5/18/2023,HAB_3,1000000,true,HUESPED_6
5/18/2023,HAB_4,500000,true,HUESPED_9
5/18/2023,HAB_5,750000,false,NULL
5/19/2023,HAB_1,500000,true,HUESPED_2
5/19/2023,HAB_2,750000,true,HUESPED_4
5/19/2023,HAB_3,1000000,true,HUESPED_6
5/19/2023,HAB_4,500000,true,HUESPED_9
5/19/2023,HAB_5,750000,false,NULL
5/20/2023,HAB_1,500000,true,HUESPED_2
5/20/2023,HAB_2,750000,true,HUESPED_4
5/20/2023,HAB_3,1000000,true,HUESPED_6
5/20/2023,HAB_4,500000,true,HUESPED_9
5/20/2023,HAB_5,750000,false,NULL
5/21/2023,HAB_1,500000,true,HUESPED_2
5/21/2023,HAB_2,750000,true,HUESPED_4
5/21/2023,HAB_3,1000000,true,HUESPED_6
5/21/2023,HAB_4,500000,true,HUESPED_9
5/21/2023,HAB_5,750000,false,NULL
5/22/2023,HAB_1,500000,true,HUESPED_2
5/22/2023,HAB_2,750000,true,HUESPED_4
5/22/2023,HAB_3,1000000,true,HUESPED_6
5/22/2023,HAB_4,500000,true,HUESPED_9
5/22/2023,HAB_5,750000,false,NULL
5/23/2023,HAB_1,500000,true,HUESPED_2
5/23/2023,HAB_2,750000,true,HUESPED_4
5/23/2023,HAB_3,1000000,true,HUESPED_6
5/23/2023,HAB_4,500000,true,HUESPED_9
5/23/2023,HAB_5,750000,false,NULL
5/24/2023,HAB_1,500000,true,HUESPED_2
5/24/2023,HAB_2,750000,true,HUESPED_4
5/24/2023,HAB_3,1000000,true,HUESPED_6
5/24/2023,HAB_4,500000,true,HUESPED_9
5/24/2023,HAB_5,750000,false,NULL
5/25/2023,HAB_1,500000,true,HUESPED_2
5/25/2023,HAB_2,750000,true,HUESPED_4
5/25/2023,HAB_3,1000000,true,HUESPED_6
5/25/2023,HAB_4,500000,true,HUESPED_9
5/25/2023,HAB_5,750000,false,NULL
5/26/2023,HAB_1,500000,true,HUESPED_2
5/26/2023,HAB_2,750000,true,HUESPED_4
5/26/2023,HAB_3,1000000,true,HUESPED_6
5/26/2023,HAB_4,500000,true,HUESPED_9
5/26/2023,HAB_5,750000,false,NULL
5/27/2023,HAB_1,500000,true,HUESPED_2
5/27/2023,HAB_2,750000,true,HUESPED_4
5/27/2023,HAB_3,1000000,true,HUESPED_6
5/27/2023,HAB_4,500000,true,HUESPED_9
5/27/2023,HAB_5,750000,false,NULL
5/28/2023,HAB_1,500000,true,HUESPED_2
5/28/2023,HAB_2,750000,true,HUESPED_4
5/28/2023,HAB_3,1000000,true,HUESPED_6
5/28/2023,HAB_4,500000,true,HUESPED_9
5/28/2023,HAB_5,750000,false,NULL
5/29/2023,HAB_1,500000,true,HUESPED_2
5/29/2023,HAB_2,750000,true,HUESPED_4
5/29/2023,HAB_3,1000000,true,HUESPED_6
5/29/2023,HAB_4,500000,true,HUESPED_9
5/29/2023,HAB_5,750000,false,NULL
5/30/2023,HAB_1,500000,true,HUESPED_2
5/30/2023,HAB_2,750000,true,HUESPED_4
5/30/2023,HAB_3,1000000,true,HUESPED_6
5/30/2023,HAB_4,500000,true,HUESPED_9
5/30/2023,HAB_5,750000,false,NULL
5/31/2023,HAB_1,500000,true,HUESPED_2
5/31/2023,HAB_2,750000,true,HUESPED_4
5/31/2023,HAB_3,1000000,true,HUESPED_6
5/31/2023,HAB_4,500000,true,HUESPED_9
5/31/2023,HAB_5,750000,false,NULL
6/1/2023,HAB_1,500000,true,HUESPED_2
6/1/2023,HAB_2,750000,true,HUESPED_4
6/1/2023,HAB_3,1000000,true,HUESPED_6
6/1/2023,HAB_4,500000,true,HUESPED_9
6/1/2023,HAB_5,750000,false,NULL
6/2/2023,HAB_1,500000,true,HUESPED_2
6/2/2023,HAB_2,750000,true,HUESPED_4
6/2/2023,HAB_3,1000000,true,HUESPED_6
6/2/2023,HAB_4,500000,true,HUESPED_9
6/2/2023,HAB_5,750000,false,NULL
6/3/2023,HAB_1,500000,true,HUESPED_2
6/3/2023,HAB_2,750000,true,HUESPED_4
6/3/2023,HAB_3,1000000,true,HUESPED_6
6/3/2023,HAB_4,500000,true,HUESPED_9
6/3/2023,HAB_5,750000,false,NULL
6/4/2023,HAB_1,500000,true,HUESPED_2
6/4/2023,HAB_2,750000,true,HUESPED_4
6/4/2023,HAB_3,1000000,true,HUESPED_6
6/4/2023,HAB_4,500000,true,HUESPED_9
6/4/2023,HAB_5,750000,false,NULL
6/5/2023,HAB_1,500000,true,HUESPED_2
6/5/2023,HAB_2,750000,true,HUESPED_4
6/5/2023,HAB_3,1000000,true,HUESPED_6
6/5/2023,HAB_4,500000,true,HUESPED_9
6/5/2023,HAB_5,750000,false,NULL
6/6/2023,HAB_1,500000,true,HUESPED_2
6/6/2023,HAB_2,750000,true,HUESPED_4
6/6/2023,HAB_3,1000000,true,HUESPED_6
6/6/2023,HAB_4,500000,true,HUESPED_9
6/6/2023,HAB_5,750000,false,NULL
6/7/2023,HAB_1,500000,true,HUESPED_2
6/7/2023,HAB_2,750000,true,HUESPED_4
6/7/2023,HAB_3,1000000,true,HUESPED_6
6/7/2023,HAB_4,500000,true,HUESPED_9
6/7/2023,HAB_5,750000,false,NULL
6/8/2023,HAB_1,500000,true,HUESPED_2
6/8/2023,HAB_2,750000,true,HUESPED_4
6/8/2023,HAB_3,1000000,true,HUESPED_6
6/8/2023,HAB_4,500000,true,HUESPED_9
6/8/2023,HAB_5,750000,false,NULL
6/9/2023,HAB_1,500000,true,HUESPED_2
6/9/2023,HAB_2,750000,true,HUESPED_4
6/9/2023,HAB_3,1000000,true,HUESPED_6
6/9/2023,HAB_4,500000,true,HUESPED_9
6/9/2023,HAB_5,750000,false,NULL
6/10/2023,HAB_1,500000,true,HUESPED_2
6/10/2023,HAB_2,750000,true,HUESPED_4
6/10/2023,HAB_3,1000000,true,HUESPED_6
6/10/2023,HAB_4,500000,true,HUESPED_9
6/10/2023,HAB_5,750000,false,NULL
6/11/2023,HAB_1,500000,true,HUESPED_2
6/11/2023,HAB_2,750000,true,HUESPED_4
6/11/2023,HAB_3,1000000,true,HUESPED_6
6/11/2023,HAB_4,500000,true,HUESPED_9
6/11/2023,HAB_5,750000,false,NULL
6/12/2023,HAB_1,500000,true,HUESPED_2
6/12/2023,HAB_2,750000,true,HUESPED_4
6/12/2023,HAB_3,1000000,true,HUESPED_6
6/12/2023,HAB_4,500000,true,HUESPED_9
6/12/2023,HAB_5,750000,false,NULL
6/13/2023,HAB_1,500000,true,HUESPED_2
6/13/2023,HAB_2,750000,true,HUESPED_4
6/13/2023,HAB_3,1000000,true,HUESPED_6
6/13/2023,HAB_4,500000,true,HUESPED_9
6/13/2023,HAB_5,750000,false,NULL
6/14/2023,HAB_1,500000,true,HUESPED_2
6/14/2023,HAB_2,750000,true,HUESPED_4
6/14/2023,HAB_3,1000000,true,HUESPED_6
6/14/2023,HAB_4,500000,true,HUESPED_9
6/14/2023,HAB_5,750000,false,NULL
6/15/2023,HAB_1,500000,true,HUESPED_2
6/15/2023,HAB_2,750000,true,HUESPED_4
6/15/2023,HAB_3,1000000,true,HUESPED_6
6/15/2023,HAB_4,500000,true,HUESPED_9
6/15/2023,HAB_5,750000,false,NULL
6/16/2023,HAB_1,500000,true,HUESPED_2
6/16/2023,HAB_2,750000,true,HUESPED_4
6/16/2023,HAB_3,1000000,true,HUESPED_6
6/16/2023,HAB_4,500000,true,HUESPED_9
6/16/2023,HAB_5,750000,false,NULL
6/17/2023,HAB_1,500000,true,HUESPED_2
6/17/2023,HAB_2,750000,true,HUESPED_4
6/17/2023,HAB_3,1000000,true,HUESPED_6
6/17/2023,HAB_4,500000,true,HUESPED_9
6/17/2023,HAB_5,750000,false,NULL
6/18/2023,HAB_1,500000,true,HUESPED_2
6/18/2023,HAB_2,750000,true,HUESPED_4
6/18/2023,HAB_3,1000000,true,HUESPED_6
6/18/2023,HAB_4,500000,true,HUESPED_9
6/18/2023,HAB_5,750000,false,NULL
6/19/2023,HAB_1,500000,true,HUESPED_2
6/19/2023,HAB_2,750000,true,HUESPED_4
6/19/2023,HAB_3,1000000,true,HUESPED_6
6/19/2023,HAB_4,500000,true,HUESPED_9
6/19/2023,HAB_5,750000,false,NULL
6/20/2023,HAB_1,500000,true,HUESPED_2
6/20/2023,HAB_2,750000,true,HUESPED_4
6/20/2023,HAB_3,1000000,true,HUESPED_6
6/20/2023,HAB_4,500000,true,HUESPED_9
6/20/2023,HAB_5,750000,false,NULL
6/21/2023,HAB_1,500000,true,HUESPED_2
6/21/2023,HAB_2,750000,true,HUESPED_4
6/21/2023,HAB_3,1000000,true,HUESPED_6
6/21/2023,HAB_4,500000,true,HUESPED_9
6/21/2023,HAB_5,750000,false,NULL
6/22/2023,HAB_1,500000,true,HUESPED_2
6/22/2023,HAB_2,750000,true,HUESPED_4
6/22/2023,HAB_3,1000000,true,HUESPED_6
6/22/2023,HAB_4,500000,true,HUESPED_9
6/22/2023,HAB_5,750000,false,NULL
6/23/2023,HAB_1,500000,true,HUESPED_2
6/23/2023,HAB_2,750000,true,HUESPED_4
6/23/2023,HAB_3,1000000,true,HUESPED_6
6/23/2023,HAB_4,500000,true,HUESPED_9
6/23/2023,HAB_5,750000,false,NULL
6/24/2023,HAB_1,500000,true,HUESPED_2
6/24/2023,HAB_2,750000,true,HUESPED_4
6/24/2023,HAB_3,1000000,true,HUESPED_6
6/24/2023,HAB_4,500000,true,HUESPED_9
6/24/2023,HAB_5,750000,false,NULL
6/25/2023,HAB_1,500000,true,HUESPED_2
6/25/2023,HAB_2,750000,true,HUESPED_4
6/25/2023,HAB_3,1000000,true,HUESPED_6
6/25/2023,HAB_4,500000,true,HUESPED_9
6/25/2023,HAB_5,750000,false,NULL
6/26/2023,HAB_1,500000,true,HUESPED_2
6/26/2023,HAB_2,750000,true,HUESPED_4
6/26/2023,HAB_3,1000000,true,HUESPED_6
6/26/2023,HAB_4,500000,true,HUESPED_9
6/26/2023,HAB_5,750000,false,NULL
6/27/2023,HAB_1,500000,true,HUESPED_2
6/27/2023,HAB_2,750000,true,HUESPED_4
6/27/2023,HAB_3,1000000,true,HUESPED_6
6/27/2023,HAB_4,500000,true,HUESPED_9
6/27/2023,HAB_5,750000,false,NULL
6/28/2023,HAB_1,500000,true,HUESPED_2
6/28/2023,HAB_2,750000,true,HUESPED_4
6/28/2023,HAB_3,1000000,true,HUESPED_6
6/28/2023,HAB_4,500000,true,HUESPED_9
6/28/2023,HAB_5,750000,false,NULL
6/29/2023,HAB_1,500000,true,HUESPED_2
6/29/2023,HAB_2,750000,true,HUESPED_4
6/29/2023,HAB_3,1000000,true,HUESPED_6
6/29/2023,HAB_4,500000,true,HUESPED_9
6/29/2023,HAB_5,750000,false,NULL
6/30/2023,HAB_1,500000,true,HUESPED_2
6/30/2023,HAB_2,750000,true,HUESPED_4
6/30/2023,HAB_3,1000000,true,HUESPED_6
6/30/2023,HAB_4,500000,true,HUESPED_9
6/30/2023,HAB_5,750000,false,NULL
7/1/2023,HAB_1,500000,true,HUESPED_2
7/1/2023,HAB_2,750000,true,HUESPED_4
7/1/2023,HAB_3,1000000,true,HUESPED_6
7/1/2023,HAB_4,500000,true,HUESPED_9
7/1/2023,HAB_5,750000,false,NULL
7/2/2023,HAB_1,500000,true,HUESPED_2
7/2/2023,HAB_2,750000,true,HUESPED_4
7/2/2023,HAB_3,1000000,true,HUESPED_6
7/2/2023,HAB_4,500000,true,HUESPED_9
7/2/2023,HAB_5,750000,false,NULL
7/3/2023,HAB_1,500000,true,HUESPED_2
7/3/2023,HAB_2,750000,true,HUESPED_4
7/3/2023,HAB_3,1000000,true,HUESPED_6
7/3/2023,HAB_4,500000,true,HUESPED_9
7/3/2023,HAB_5,750000,false,NULL
7/4/2023,HAB_1,500000,true,HUESPED_2
7/4/2023,HAB_2,750000,true,HUESPED_4
7/4/2023,HAB_3,1000000,true,HUESPED_6
7/4/2023,HAB_4,500000,true,HUESPED_9
7/4/2023,HAB_5,750000,false,NULL
7/5/2023,HAB_1,500000,true,HUESPED_2
7/5/2023,HAB_2,750000,true,HUESPED_4
7/5/2023,HAB_3,1000000,true,HUESPED_6
7/5/2023,HAB_4,500000,true,HUESPED_9
7/5/2023,HAB_5,750000,false,NULL
7/6/2023,HAB_1,500000,true,HUESPED_2
7/6/2023,HAB_2,750000,true,HUESPED_4
7/6/2023,HAB_3,1000000,true,HUESPED_6
7/6/2023,HAB_4,500000,true,HUESPED_9
7/6/2023,HAB_5,750000,false,NULL
7/7/2023,HAB_1,500000,true,HUESPED_2
7/7/2023,HAB_2,750000,true,HUESPED_4
7/7/2023,HAB_3,1000000,true,HUESPED_6
7/7/2023,HAB_4,500000,true,HUESPED_9
7/7/2023,HAB_5,750000,false,NULL
7/8/2023,HAB_1,500000,true,HUESPED_2
7/8/2023,HAB_2,750000,true,HUESPED_4
7/8/2023,HAB_3,1000000,true,HUESPED_6
7/8/2023,HAB_4,500000,true,HUESPED_9
7/8/2023,HAB_5,750000,false,NULL
7/9/2023,HAB_1,500000,true,HUESPED_2
7/9/2023,HAB_2,750000,true,HUESPED_4
7/9/2023,HAB_3,1000000,true,HUESPED_6
7/9/2023,HAB_4,500000,true,HUESPED_9
7/9/2023,HAB_5,750000,false,NULL
7/10/2023,HAB_1,500000,true,HUESPED_2
7/10/2023,HAB_2,750000,true,HUESPED_4
7/10/2023,HAB_3,1000000,true,HUESPED_6
7/10/2023,HAB_4,500000,true,HUESPED_9
7/10/2023,HAB_5,750000,false,NULL
7/11/2023,HAB_1,500000,true,HUESPED_2
7/11/2023,HAB_2,750000,true,HUESPED_4
7/11/2023,HAB_3,1000000,true,HUESPED_6
7/11/2023,HAB_4,500000,true,HUESPED_9
7/11/2023,HAB_5,750000,false,NULL
7/12/2023,HAB_1,500000,true,HUESPED_2
7/12/2023,HAB_2,750000,true,HUESPED_4
7/12/2023,HAB_3,1000000,true,HUESPED_6
7/12/2023,HAB_4,500000,true,HUESPED_9
7/12/2023,HAB_5,750000,false,NULL
7/13/2023,HAB_1,500000,true,HUESPED_2
7/13/2023,HAB_2,750000,true,HUESPED_4
7/13/2023,HAB_3,1000000,true,HUESPED_6
7/13/2023,HAB_4,500000,true,HUESPED_9
7/13/2023,HAB_5,750000,false,NULL
7/14/2023,HAB_1,500000,true,HUESPED_2
7/14/2023,HAB_2,750000,true,HUESPED_4
7/14/2023,HAB_3,1000000,true,HUESPED_6
7/14/2023,HAB_4,500000,true,HUESPED_9
7/14/2023,HAB_5,750000,false,NULL
7/15/2023,HAB_1,500000,true,HUESPED_2
7/15/2023,HAB_2,750000,true,HUESPED_4
7/15/2023,HAB_3,1000000,true,HUESPED_6
7/15/2023,HAB_4,500000,true,HUESPED_9
7/15/2023,HAB_5,750000,false,NULL
7/16/2023,HAB_1,500000,true,HUESPED_2
7/16/2023,HAB_2,750000,true,HUESPED_4
7/16/2023,HAB_3,1000000,true,HUESPED_6
7/16/2023,HAB_4,500000,true,HUESPED_9
7/16/2023,HAB_5,750000,false,NULL
7/17/2023,HAB_1,500000,true,HUESPED_2
7/17/2023,HAB_2,750000,true,HUESPED_4
7/17/2023,HAB_3,1000000,true,HUESPED_6
7/17/2023,HAB_4,500000,true,HUESPED_9
7/17/2023,HAB_5,750000,false,NULL
7/18/2023,HAB_1,500000,true,HUESPED_2
7/18/2023,HAB_2,750000,true,HUESPED_4
7/18/2023,HAB_3,1000000,true,HUESPED_6
7/18/2023,HAB_4,500000,true,HUESPED_9
7/18/2023,HAB_5,750000,false,NULL
7/19/2023,HAB_1,500000,true,HUESPED_2
7/19/2023,HAB_2,750000,true,HUESPED_4
7/19/2023,HAB_3,1000000,true,HUESPED_6
7/19/2023,HAB_4,500000,true,HUESPED_9
7/19/2023,HAB_5,750000,false,NULL
7/20/2023,HAB_1,500000,true,HUESPED_2
7/20/2023,HAB_2,750000,true,HUESPED_4
7/20/2023,HAB_3,1000000,true,HUESPED_6
7/20/2023,HAB_4,500000,true,HUESPED_9
7/20/2023,HAB_5,750000,false,NULL
7/21/2023,HAB_1,500000,true,HUESPED_2
7/21/2023,HAB_2,750000,true,HUESPED_4
7/21/2023,HAB_3,1000000,true,HUESPED_6
7/21/2023,HAB_4,500000,true,HUESPED_9
7/21/2023,HAB_5,750000,false,NULL
7/22/2023,HAB_1,500000,true,HUESPED_2
7/22/2023,HAB_2,750000,true,HUESPED_4
7/22/2023,HAB_3,1000000,true,HUESPED_6
7/22/2023,HAB_4,500000,true,HUESPED_9
7/22/2023,HAB_5,750000,false,NULL
7/23/2023,HAB_1,500000,true,HUESPED_2
7/23/2023,HAB_2,750000,true,HUESPED_4
7/23/2023,HAB_3,1000000,true,HUESPED_6
7/23/2023,HAB_4,500000,true,HUESPED_9
7/23/2023,HAB_5,750000,false,NULL
7/24/2023,HAB_1,500000,true,HUESPED_2
7/24/2023,HAB_2,750000,true,HUESPED_4
7/24/2023,HAB_3,1000000,true,HUESPED_6
7/24/2023,HAB_4,500000,true,HUESPED_9
7/24/2023,HAB_5,750000,false,NULL
7/25/2023,HAB_1,500000,true,HUESPED_2
7/25/2023,HAB_2,750000,true,HUESPED_4
7/25/2023,HAB_3,1000000,true,HUESPED_6
7/25/2023,HAB_4,500000,true,HUESPED_9
7/25/2023,HAB_5,750000,false,NULL
7/26/2023,HAB_1,500000,true,HUESPED_2
7/26/2023,HAB_2,750000,true,HUESPED_4
7/26/2023,HAB_3,1000000,true,HUESPED_6
7/26/2023,HAB_4,500000,true,HUESPED_9
7/26/2023,HAB_5,750000,false,NULL
7/27/2023,HAB_1,500000,true,HUESPED_2
7/27/2023,HAB_2,750000,true,HUESPED_4
7/27/2023,HAB_3,1000000,true,HUESPED_6
7/27/2023,HAB_4,500000,true,HUESPED_9
7/27/2023,HAB_5,750000,false,NULL
7/28/2023,HAB_1,500000,true,HUESPED_2
7/28/2023,HAB_2,750000,true,HUESPED_4
7/28/2023,HAB_3,1000000,true,HUESPED_6
7/28/2023,HAB_4,500000,true,HUESPED_9
7/28/2023,HAB_5,750000,false,NULL
7/29/2023,HAB_1,500000,true,HUESPED_2
7/29/2023,HAB_2,750000,true,HUESPED_4
7/29/2023,HAB_3,1000000,true,HUESPED_6
7/29/2023,HAB_4,500000,true,HUESPED_9
7/29/2023,HAB_5,750000,false,NULL
7/30/2023,HAB_1,500000,true,HUESPED_2
7/30/2023,HAB_2,750000,true,HUESPED_4
7/30/2023,HAB_3,1000000,true,HUESPED_6
7/30/2023,HAB_4,500000,true,HUESPED_9
7/30/2023,HAB_5,750000,false,NULL
7/31/2023,HAB_1,500000,true,HUESPED_2
7/31/2023,HAB_2,750000,true,HUESPED_4
7/31/2023,HAB_3,1000000,true,HUESPED_6
7/31/2023,HAB_4,500000,true,HUESPED_9
7/31/2023,HAB_5,750000,false,NULL
8/1/2023,HAB_1,500000,true,HUESPED_2
8/1/2023,HAB_2,750000,true,HUESPED_4
8/1/2023,HAB_3,1000000,true,HUESPED_6
8/1/2023,HAB_4,500000,true,HUESPED_9
8/1/2023,HAB_5,750000,false,NULL
8/2/2023,HAB_1,500000,true,HUESPED_2
8/2/2023,HAB_2,750000,true,HUESPED_4
8/2/2023,HAB_3,1000000,true,HUESPED_6
8/2/2023,HAB_4,500000,true,HUESPED_9
8/2/2023,HAB_5,750000,false,NULL
8/3/2023,HAB_1,500000,true,HUESPED_2
8/3/2023,HAB_2,750000,true,HUESPED_4
8/3/2023,HAB_3,1000000,true,HUESPED_6
8/3/2023,HAB_4,500000,true,HUESPED_9
8/3/2023,HAB_5,750000,false,NULL
8/4/2023,HAB_1,500000,true,HUESPED_2
8/4/2023,HAB_2,750000,true,HUESPED_4
8/4/2023,HAB_3,1000000,true,HUESPED_6
8/4/2023,HAB_4,500000,true,HUESPED_9
8/4/2023,HAB_5,750000,false,NULL
8/5/2023,HAB_1,500000,true,HUESPED_2
8/5/2023,HAB_2,750000,true,HUESPED_4
8/5/2023,HAB_3,1000000,true,HUESPED_6
8/5/2023,HAB_4,500000,true,HUESPED_9
8/5/2023,HAB_5,750000,false,NULL
8/6/2023,HAB_1,500000,true,HUESPED_2
8/6/2023,HAB_2,750000,true,HUESPED_4
8/6/2023,HAB_3,1000000,true,HUESPED_6
8/6/2023,HAB_4,500000,true,HUESPED_9
8/6/2023,HAB_5,750000,false,NULL
8/7/2023,HAB_1,500000,true,HUESPED_2
8/7/2023,HAB_2,750000,true,HUESPED_4
8/7/2023,HAB_3,1000000,true,HUESPED_6
8/7/2023,HAB_4,500000,true,HUESPED_9
8/7/2023,HAB_5,750000,false,NULL
8/8/2023,HAB_1,500000,true,HUESPED_2
8/8/2023,HAB_2,750000,true,HUESPED_4
8/8/2023,HAB_3,1000000,true,HUESPED_6
8/8/2023,HAB_4,500000,true,HUESPED_9
8/8/2023,HAB_5,750000,false,NULL
8/9/2023,HAB_1,500000,true,HUESPED_2
8/9/2023,HAB_2,750000,true,HUESPED_4
8/9/2023,HAB_3,1000000,true,HUESPED_6
8/9/2023,HAB_4,500000,true,HUESPED_9
8/9/2023,HAB_5,750000,false,NULL
8/10/2023,HAB_1,500000,true,HUESPED_2
8/10/2023,HAB_2,750000,true,HUESPED_4
8/10/2023,HAB_3,1000000,true,HUESPED_6
8/10/2023,HAB_4,500000,true,HUESPED_9
8/10/2023,HAB_5,750000,false,NULL
8/11/2023,HAB_1,500000,true,HUESPED_2
8/11/2023,HAB_2,750000,true,HUESPED_4
8/11/2023,HAB_3,1000000,true,HUESPED_6
8/11/2023,HAB_4,500000,true,HUESPED_9
8/11/2023,HAB_5,750000,false,NULL
8/12/2023,HAB_1,500000,true,HUESPED_2
8/12/2023,HAB_2,750000,true,HUESPED_4
8/12/2023,HAB_3,1000000,true,HUESPED_6
8/12/2023,HAB_4,500000,true,HUESPED_9
8/12/2023,HAB_5,750000,false,NULL
8/13/2023,HAB_1,500000,true,HUESPED_2
8/13/2023,HAB_2,750000,true,HUESPED_4
8/13/2023,HAB_3,1000000,true,HUESPED_6
8/13/2023,HAB_4,500000,true,HUESPED_9
8/13/2023,HAB_5,750000,false,NULL
8/14/2023,HAB_1,500000,true,HUESPED_2
8/14/2023,HAB_2,750000,true,HUESPED_4
8/14/2023,HAB_3,1000000,true,HUESPED_6
8/14/2023,HAB_4,500000,true,HUESPED_9
8/14/2023,HAB_5,750000,false,NULL
8/15/2023,HAB_1,500000,true,HUESPED_2
8/15/2023,HAB_2,750000,true,HUESPED_4
8/15/2023,HAB_3,1000000,true,HUESPED_6
8/15/2023,HAB_4,500000,true,HUESPED_9
8/15/2023,HAB_5,750000,false,NULL
8/16/2023,HAB_1,500000,true,HUESPED_2
8/16/2023,HAB_2,750000,true,HUESPED_4
8/16/2023,HAB_3,1000000,true,HUESPED_6
8/16/2023,HAB_4,500000,true,HUESPED_9
8/16/2023,HAB_5,750000,false,NULL
8/17/2023,HAB_1,500000,true,HUESPED_2
8/17/2023,HAB_2,750000,true,HUESPED_4
8/17/2023,HAB_3,1000000,true,HUESPED_6
8/17/2023,HAB_4,500000,true,HUESPED_9
8/17/2023,HAB_5,750000,false,NULL
8/18/2023,HAB_1,500000,true,HUESPED_2
8/18/2023,HAB_2,750000,true,HUESPED_4
8/18/2023,HAB_3,1000000,true,HUESPED_6
8/18/2023,HAB_4,500000,true,HUESPED_9
8/18/2023,HAB_5,750000,false,NULL
8/19/2023,HAB_1,500000,true,HUESPED_2
8/19/2023,HAB_2,750000,true,HUESPED_4
8/19/2023,HAB_3,1000000,true,HUESPED_6
8/19/2023,HAB_4,500000,true,HUESPED_9
8/19/2023,HAB_5,750000,false,NULL
8/20/2023,HAB_1,500000,true,HUESPED_2
8/20/2023,HAB_2,750000,true,HUESPED_4
8/20/2023,HAB_3,1000000,true,HUESPED_6
8/20/2023,HAB_4,500000,true,HUESPED_9
8/20/2023,HAB_5,750000,false,NULL
8/21/2023,HAB_1,500000,true,HUESPED_2
8/21/2023,HAB_2,750000,true,HUESPED_4
8/21/2023,HAB_3,1000000,true,HUESPED_6
8/21/2023,HAB_4,500000,true,HUESPED_9
8/21/2023,HAB_5,750000,false,NULL
8/22/2023,HAB_1,500000,true,HUESPED_2
8/22/2023,HAB_2,750000,true,HUESPED_4
8/22/2023,HAB_3,1000000,true,HUESPED_6
8/22/2023,HAB_4,500000,true,HUESPED_9
8/22/2023,HAB_5,750000,false,NULL
8/23/2023,HAB_1,500000,true,HUESPED_2
8/23/2023,HAB_2,750000,true,HUESPED_4
8/23/2023,HAB_3,1000000,true,HUESPED_6
8/23/2023,HAB_4,500000,true,HUESPED_9
8/23/2023,HAB_5,750000,false,NULL
8/24/2023,HAB_1,500000,true,HUESPED_2
8/24/2023,HAB_2,750000,true,HUESPED_4
8/24/2023,HAB_3,1000000,true,HUESPED_6
8/24/2023,HAB_4,500000,true,HUESPED_9
8/24/2023,HAB_5,750000,false,NULL
8/25/2023,HAB_1,500000,true,HUESPED_2
8/25/2023,HAB_2,750000,true,HUESPED_4
8/25/2023,HAB_3,1000000,true,HUESPED_6
8/25/2023,HAB_4,500000,true,HUESPED_9
8/25/2023,HAB_5,750000,false,NULL
8/26/2023,HAB_1,500000,true,HUESPED_2
8/26/2023,HAB_2,750000,true,HUESPED_4
8/26/2023,HAB_3,1000000,true,HUESPED_6
8/26/2023,HAB_4,500000,true,HUESPED_9
8/26/2023,HAB_5,750000,false,NULL
8/27/2023,HAB_1,500000,true,HUESPED_2
8/27/2023,HAB_2,750000,true,HUESPED_4
8/27/2023,HAB_3,1000000,true,HUESPED_6
8/27/2023,HAB_4,500000,true,HUESPED_9
8/27/2023,HAB_5,750000,false,NULL
8/28/2023,HAB_1,500000,true,HUESPED_2
8/28/2023,HAB_2,750000,true,HUESPED_4
8/28/2023,HAB_3,1000000,true,HUESPED_6
8/28/2023,HAB_4,500000,true,HUESPED_9
8/28/2023,HAB_5,750000,false,NULL
8/29/2023,HAB_1,500000,true,HUESPED_2
8/29/2023,HAB_2,750000,true,HUESPED_4
8/29/2023,HAB_3,1000000,true,HUESPED_6
8/29/2023,HAB_4,500000,true,HUESPED_9
8/29/2023,HAB_5,750000,false,NULL
8/30/2023,HAB_1,500000,true,HUESPED_2
8/30/2023,HAB_2,750000,true,HUESPED_4
8/30/2023,HAB_3,1000000,true,HUESPED_6
8/30/2023,HAB_4,500000,true,HUESPED_9
8/30/2023,HAB_5,750000,false,NULL
8/31/2023,HAB_1,500000,true,HUESPED_2
8/31/2023,HAB_2,750000,true,HUESPED_4
8/31/2023,HAB_3,1000000,true,HUESPED_6
8/31/2023,HAB_4,500000,true,HUESPED_9
8/31/2023,HAB_5,750000,false,NULL
9/1/2023,HAB_1,500000,true,HUESPED_2
9/1/2023,HAB_2,750000,true,HUESPED_4
9/1/2023,HAB_3,1000000,true,HUESPED_6
9/1/2023,HAB_4,500000,true,HUESPED_9
9/1/2023,HAB_5,750000,false,NULL
9/2/2023,HAB_1,500000,true,HUESPED_2
9/2/2023,HAB_2,750000,true,HUESPED_4
9/2/2023,HAB_3,1000000,true,HUESPED_6
9/2/2023,HAB_4,500000,true,HUESPED_9
9/2/2023,HAB_5,750000,false,NULL
9/3/2023,HAB_1,500000,true,HUESPED_2
9/3/2023,HAB_2,750000,true,HUESPED_4
9/3/2023,HAB_3,1000000,true,HUESPED_6
9/3/2023,HAB_4,500000,true,HUESPED_9
9/3/2023,HAB_5,750000,false,NULL
9/4/2023,HAB_1,500000,true,HUESPED_2
9/4/2023,HAB_2,750000,true,HUESPED_4
9/4/2023,HAB_3,1000000,true,HUESPED_6
9/4/2023,HAB_4,500000,true,HUESPED_9
9/4/2023,HAB_5,750000,false,NULL
9/5/2023,HAB_1,500000,true,HUESPED_2
9/5/2023,HAB_2,750000,true,HUESPED_4
9/5/2023,HAB_3,1000000,true,HUESPED_6
9/5/2023,HAB_4,500000,true,HUESPED_9
9/5/2023,HAB_5,750000,false,NULL
9/6/2023,HAB_1,500000,true,HUESPED_2
9/6/2023,HAB_2,750000,true,HUESPED_4
9/6/2023,HAB_3,1000000,true,HUESPED_6
9/6/2023,HAB_4,500000,true,HUESPED_9
9/6/2023,HAB_5,750000,false,NULL
9/7/2023,HAB_1,500000,true,HUESPED_2
9/7/2023,HAB_2,750000,true,HUESPED_4
9/7/2023,HAB_3,1000000,true,HUESPED_6
9/7/2023,HAB_4,500000,true,HUESPED_9
9/7/2023,HAB_5,750000,false,NULL
9/8/2023,HAB_1,500000,true,HUESPED_2
9/8/2023,HAB_2,750000,true,HUESPED_4
9/8/2023,HAB_3,1000000,true,HUESPED_6
9/8/2023,HAB_4,500000,true,HUESPED_9
9/8/2023,HAB_5,750000,false,NULL
9/9/2023,HAB_1,500000,true,HUESPED_2
9/9/2023,HAB_2,750000,true,HUESPED_4
9/9/2023,HAB_3,1000000,true,HUESPED_6
9/9/2023,HAB_4,500000,true,HUESPED_9
9/9/2023,HAB_5,750000,false,NULL
9/10/2023,HAB_1,500000,true,HUESPED_2
9/10/2023,HAB_2,750000,true,HUESPED_4
9/10/2023,HAB_3,1000000,true,HUESPED_6
9/10/2023,HAB_4,500000,true,HUESPED_9
9/10/2023,HAB_5,750000,false,NULL
9/11/2023,HAB_1,500000,true,HUESPED_2
9/11/2023,HAB_2,750000,true,HUESPED_4
9/11/2023,HAB_3,1000000,true,HUESPED_6
9/11/2023,HAB_4,500000,true,HUESPED_9
9/11/2023,HAB_5,750000,false,NULL
9/12/2023,HAB_1,500000,true,HUESPED_2
9/12/2023,HAB_2,750000,true,HUESPED_4
9/12/2023,HAB_3,1000000,true,HUESPED_6
9/12/2023,HAB_4,500000,true,HUESPED_9
9/12/2023,HAB_5,750000,false,NULL
9/13/2023,HAB_1,500000,true,HUESPED_2
9/13/2023,HAB_2,750000,true,HUESPED_4
9/13/2023,HAB_3,1000000,true,HUESPED_6
9/13/2023,HAB_4,500000,true,HUESPED_9
9/13/2023,HAB_5,750000,false,NULL
9/14/2023,HAB_1,500000,true,HUESPED_2
9/14/2023,HAB_2,750000,true,HUESPED_4
9/14/2023,HAB_3,1000000,true,HUESPED_6
9/14/2023,HAB_4,500000,true,HUESPED_9
9/14/2023,HAB_5,750000,false,NULL
9/15/2023,HAB_1,500000,true,HUESPED_2
9/15/2023,HAB_2,750000,true,HUESPED_4
9/15/2023,HAB_3,1000000,true,HUESPED_6
9/15/2023,HAB_4,500000,true,HUESPED_9
9/15/2023,HAB_5,750000,false,NULL
9/16/2023,HAB_1,500000,true,HUESPED_2
9/16/2023,HAB_2,750000,true,HUESPED_4
9/16/2023,HAB_3,1000000,true,HUESPED_6
9/16/2023,HAB_4,500000,true,HUESPED_9
9/16/2023,HAB_5,750000,false,NULL
9/17/2023,HAB_1,500000,true,HUESPED_2
9/17/2023,HAB_2,750000,true,HUESPED_4
9/17/2023,HAB_3,1000000,true,HUESPED_6
9/17/2023,HAB_4,500000,true,HUESPED_9
9/17/2023,HAB_5,750000,false,NULL
9/18/2023,HAB_1,500000,true,HUESPED_2
9/18/2023,HAB_2,750000,true,HUESPED_4
9/18/2023,HAB_3,1000000,true,HUESPED_6
9/18/2023,HAB_4,500000,true,HUESPED_9
9/18/2023,HAB_5,750000,false,NULL
9/19/2023,HAB_1,500000,true,HUESPED_2
9/19/2023,HAB_2,750000,true,HUESPED_4
9/19/2023,HAB_3,1000000,true,HUESPED_6
9/19/2023,HAB_4,500000,true,HUESPED_9
9/19/2023,HAB_5,750000,false,NULL
9/20/2023,HAB_1,500000,true,HUESPED_2
9/20/2023,HAB_2,750000,true,HUESPED_4
9/20/2023,HAB_3,1000000,true,HUESPED_6
9/20/2023,HAB_4,500000,true,HUESPED_9
9/20/2023,HAB_5,750000,false,NULL
9/21/2023,HAB_1,500000,true,HUESPED_2
9/21/2023,HAB_2,750000,true,HUESPED_4
9/21/2023,HAB_3,1000000,true,HUESPED_6
9/21/2023,HAB_4,500000,true,HUESPED_9
9/21/2023,HAB_5,750000,false,NULL
9/22/2023,HAB_1,500000,true,HUESPED_2
9/22/2023,HAB_2,750000,true,HUESPED_4
9/22/2023,HAB_3,1000000,true,HUESPED_6
9/22/2023,HAB_4,500000,true,HUESPED_9
9/22/2023,HAB_5,750000,false,NULL
9/23/2023,HAB_1,500000,true,HUESPED_2
9/23/2023,HAB_2,750000,true,HUESPED_4
9/23/2023,HAB_3,1000000,true,HUESPED_6
9/23/2023,HAB_4,500000,true,HUESPED_9
9/23/2023,HAB_5,750000,false,NULL
9/24/2023,HAB_1,500000,true,HUESPED_2
9/24/2023,HAB_2,750000,true,HUESPED_4
9/24/2023,HAB_3,1000000,true,HUESPED_6
9/24/2023,HAB_4,500000,true,HUESPED_9
9/24/2023,HAB_5,750000,false,NULL
9/25/2023,HAB_1,500000,true,HUESPED_2
9/25/2023,HAB_2,750000,true,HUESPED_4
9/25/2023,HAB_3,1000000,true,HUESPED_6
9/25/2023,HAB_4,500000,true,HUESPED_9
9/25/2023,HAB_5,750000,false,NULL
9/26/2023,HAB_1,500000,true,HUESPED_2
9/26/2023,HAB_2,750000,true,HUESPED_4
9/26/2023,HAB_3,1000000,true,HUESPED_6
9/26/2023,HAB_4,500000,true,HUESPED_9
9/26/2023,HAB_5,750000,false,NULL
9/27/2023,HAB_1,500000,true,HUESPED_2
9/27/2023,HAB_2,750000,true,HUESPED_4
9/27/2023,HAB_3,1000000,true,HUESPED_6
9/27/2023,HAB_4,500000,true,HUESPED_9
9/27/2023,HAB_5,750000,false,NULL
9/28/2023,HAB_1,500000,true,HUESPED_2
9/28/2023,HAB_2,750000,true,HUESPED_4
9/28/2023,HAB_3,1000000,true,HUESPED_6
9/28/2023,HAB_4,500000,true,HUESPED_9
9/28/2023,HAB_5,750000,false,NULL
9/29/2023,HAB_1,500000,true,HUESPED_2
9/29/2023,HAB_2,750000,true,HUESPED_4
9/29/2023,HAB_3,1000000,true,HUESPED_6
9/29/2023,HAB_4,500000,true,HUESPED_9
9/29/2023,HAB_5,750000,false,NULL
9/30/2023,HAB_1,500000,true,HUESPED_2
9/30/2023,HAB_2,750000,true,HUESPED_4
9/30/2023,HAB_3,1000000,true,HUESPED_6
9/30/2023,HAB_4,500000,true,HUESPED_9
9/30/2023,HAB_5,750000,false,NULL
10/1/2023,HAB_1,500000,true,HUESPED_2
10/1/2023,HAB_2,750000,true,HUESPED_4
10/1/2023,HAB_3,1000000,true,HUESPED_6
10/1/2023,HAB_4,500000,true,HUESPED_9
10/1/2023,HAB_5,750000,false,NULL
10/2/2023,HAB_1,500000,true,HUESPED_2
10/2/2023,HAB_2,750000,true,HUESPED_4
10/2/2023,HAB_3,1000000,true,HUESPED_6
10/2/2023,HAB_4,500000,true,HUESPED_9
10/2/2023,HAB_5,750000,false,NULL
10/3/2023,HAB_1,500000,true,HUESPED_2
10/3/2023,HAB_2,750000,true,HUESPED_4
10/3/2023,HAB_3,1000000,true,HUESPED_6
10/3/2023,HAB_4,500000,true,HUESPED_9
10/3/2023,HAB_5,750000,false,NULL
10/4/2023,HAB_1,500000,true,HUESPED_2
10/4/2023,HAB_2,750000,true,HUESPED_4
10/4/2023,HAB_3,1000000,true,HUESPED_6
10/4/2023,HAB_4,500000,true,HUESPED_9
10/4/2023,HAB_5,750000,false,NULL
10/5/2023,HAB_1,500000,true,HUESPED_2
10/5/2023,HAB_2,750000,true,HUESPED_4
10/5/2023,HAB_3,1000000,true,HUESPED_6
10/5/2023,HAB_4,500000,true,HUESPED_9
10/5/2023,HAB_5,750000,false,NULL
10/6/2023,HAB_1,500000,true,HUESPED_2
10/6/2023,HAB_2,750000,true,HUESPED_4
10/6/2023,HAB_3,1000000,true,HUESPED_6
10/6/2023,HAB_4,500000,true,HUESPED_9
10/6/2023,HAB_5,750000,false,NULL
10/7/2023,HAB_1,500000,true,HUESPED_2
10/7/2023,HAB_2,750000,true,HUESPED_4
10/7/2023,HAB_3,1000000,true,HUESPED_6
10/7/2023,HAB_4,500000,true,HUESPED_9
10/7/2023,HAB_5,750000,false,NULL
10/8/2023,HAB_1,500000,true,HUESPED_2
10/8/2023,HAB_2,750000,true,HUESPED_4
10/8/2023,HAB_3,1000000,true,HUESPED_6
10/8/2023,HAB_4,500000,true,HUESPED_9
10/8/2023,HAB_5,750000,false,NULL
10/9/2023,HAB_1,500000,true,HUESPED_2
10/9/2023,HAB_2,750000,true,HUESPED_4
10/9/2023,HAB_3,1000000,true,HUESPED_6
10/9/2023,HAB_4,500000,true,HUESPED_9
10/9/2023,HAB_5,750000,false,NULL
10/10/2023,HAB_1,500000,true,HUESPED_2
10/10/2023,HAB_2,750000,true,HUESPED_4
10/10/2023,HAB_3,1000000,true,HUESPED_6
10/10/2023,HAB_4,500000,true,HUESPED_9
10/10/2023,HAB_5,750000,false,NULL
10/11/2023,HAB_1,500000,true,HUESPED_2
10/11/2023,HAB_2,750000,true,HUESPED_4
10/11/2023,HAB_3,1000000,true,HUESPED_6
10/11/2023,HAB_4,500000,true,HUESPED_9
10/11/2023,HAB_5,750000,false,NULL
10/12/2023,HAB_1,500000,true,HUESPED_2
10/12/2023,HAB_2,750000,true,HUESPED_4
10/12/2023,HAB_3,1000000,true,HUESPED_6
10/12/2023,HAB_4,500000,true,HUESPED_9
10/12/2023,HAB_5,750000,false,NULL
10/13/2023,HAB_1,500000,true,HUESPED_2
10/13/2023,HAB_2,750000,true,HUESPED_4
10/13/2023,HAB_3,1000000,true,HUESPED_6
10/13/2023,HAB_4,500000,true,HUESPED_9
10/13/2023,HAB_5,750000,false,NULL
10/14/2023,HAB_1,500000,true,HUESPED_2
10/14/2023,HAB_2,750000,true,HUESPED_4
10/14/2023,HAB_3,1000000,true,HUESPED_6
10/14/2023,HAB_4,500000,true,HUESPED_9
10/14/2023,HAB_5,750000,false,NULL
10/15/2023,HAB_1,500000,true,HUESPED_2
10/15/2023,HAB_2,750000,true,HUESPED_4
10/15/2023,HAB_3,1000000,true,HUESPED_6
10/15/2023,HAB_4,500000,true,HUESPED_9
10/15/2023,HAB_5,750000,false,NULL
10/16/2023,HAB_1,500000,true,HUESPED_2
10/16/2023,HAB_2,750000,true,HUESPED_4
10/16/2023,HAB_3,1000000,true,HUESPED_6
10/16/2023,HAB_4,500000,true,HUESPED_9
10/16/2023,HAB_5,750000,false,NULL
10/17/2023,HAB_1,500000,true,HUESPED_2
10/17/2023,HAB_2,750000,true,HUESPED_4
10/17/2023,HAB_3,1000000,true,HUESPED_6
10/17/2023,HAB_4,500000,true,HUESPED_9
10/17/2023,HAB_5,750000,false,NULL
10/18/2023,HAB_1,500000,true,HUESPED_2
10/18/2023,HAB_2,750000,true,HUESPED_4
10/18/2023,HAB_3,1000000,true,HUESPED_6
10/18/2023,HAB_4,500000,true,HUESPED_9
10/18/2023,HAB_5,750000,false,NULL
10/19/2023,HAB_1,500000,true,HUESPED_2
10/19/2023,HAB_2,750000,true,HUESPED_4
10/19/2023,HAB_3,1000000,true,HUESPED_6
10/19/2023,HAB_4,500000,true,HUESPED_9
10/19/2023,HAB_5,750000,false,NULL
10/20/2023,HAB_1,500000,true,HUESPED_2
10/20/2023,HAB_2,750000,true,HUESPED_4
10/20/2023,HAB_3,1000000,true,HUESPED_6
10/20/2023,HAB_4,500000,true,HUESPED_9
10/20/2023,HAB_5,750000,false,NULL
10/21/2023,HAB_1,500000,true,HUESPED_2
10/21/2023,HAB_2,750000,true,HUESPED_4
10/21/2023,HAB_3,1000000,true,HUESPED_6
10/21/2023,HAB_4,500000,true,HUESPED_9
10/21/2023,HAB_5,750000,false,NULL
10/22/2023,HAB_1,500000,true,HUESPED_2
10/22/2023,HAB_2,750000,true,HUESPED_4
10/22/2023,HAB_3,1000000,true,HUESPED_6
10/22/2023,HAB_4,500000,true,HUESPED_9
10/22/2023,HAB_5,750000,false,NULL
10/23/2023,HAB_1,500000,true,HUESPED_2
10/23/2023,HAB_2,750000,true,HUESPED_4
10/23/2023,HAB_3,1000000,true,HUESPED_6
10/23/2023,HAB_4,500000,true,HUESPED_9
10/23/2023,HAB_5,750000,false,NULL
10/24/2023,HAB_1,500000,true,HUESPED_2
10/24/2023,HAB_2,750000,true,HUESPED_4
10/24/2023,HAB_3,1000000,true,HUESPED_6
10/24/2023,HAB_4,500000,true,HUESPED_9
10/24/2023,HAB_5,750000,false,NULL
10/25/2023,HAB_1,500000,true,HUESPED_2
10/25/2023,HAB_2,750000,true,HUESPED_4
10/25/2023,HAB_3,1000000,true,HUESPED_6
10/25/2023,HAB_4,500000,true,HUESPED_9
10/25/2023,HAB_5,750000,false,NULL
10/26/2023,HAB_1,500000,true,HUESPED_2
10/26/2023,HAB_2,750000,true,HUESPED_4
10/26/2023,HAB_3,1000000,true,HUESPED_6
10/26/2023,HAB_4,500000,true,HUESPED_9
10/26/2023,HAB_5,750000,false,NULL
10/27/2023,HAB_1,500000,true,HUESPED_2
10/27/2023,HAB_2,750000,true,HUESPED_4
10/27/2023,HAB_3,1000000,true,HUESPED_6
10/27/2023,HAB_4,500000,true,HUESPED_9
10/27/2023,HAB_5,750000,false,NULL
10/28/2023,HAB_1,500000,true,HUESPED_2
10/28/2023,HAB_2,750000,true,HUESPED_4
10/28/2023,HAB_3,1000000,true,HUESPED_6
10/28/2023,HAB_4,500000,true,HUESPED_9
10/28/2023,HAB_5,750000,false,NULL
10/29/2023,HAB_1,500000,true,HUESPED_2
10/29/2023,HAB_2,750000,true,HUESPED_4
10/29/2023,HAB_3,1000000,true,HUESPED_6
10/29/2023,HAB_4,500000,true,HUESPED_9
10/29/2023,HAB_5,750000,false,NULL
10/30/2023,HAB_1,500000,true,HUESPED_2
10/30/2023,HAB_2,750000,true,HUESPED_4
10/30/2023,HAB_3,1000000,true,HUESPED_6
10/30/2023,HAB_4,500000,true,HUESPED_9
10/30/2023,HAB_5,750000,false,NULL
10/31/2023,HAB_1,500000,true,HUESPED_2
10/31/2023,HAB_2,750000,true,HUESPED_4
10/31/2023,HAB_3,1000000,true,HUESPED_6
10/31/2023,HAB_4,500000,true,HUESPED_9
10/31/2023,HAB_5,750000,false,NULL
11/1/2023,HAB_1,500000,true,HUESPED_2
11/1/2023,HAB_2,750000,true,HUESPED_4
11/1/2023,HAB_3,1000000,true,HUESPED_6
11/1/2023,HAB_4,500000,true,HUESPED_9
11/1/2023,HAB_5,750000,false,NULL
11/2/2023,HAB_1,500000,true,HUESPED_2
11/2/2023,HAB_2,750000,true,HUESPED_4
11/2/2023,HAB_3,1000000,true,HUESPED_6
11/2/2023,HAB_4,500000,true,HUESPED_9
11/2/2023,HAB_5,750000,false,NULL
11/3/2023,HAB_1,500000,true,HUESPED_2
11/3/2023,HAB_2,750000,true,HUESPED_4
11/3/2023,HAB_3,1000000,true,HUESPED_6
11/3/2023,HAB_4,500000,true,HUESPED_9
11/3/2023,HAB_5,750000,false,NULL
11/4/2023,HAB_1,500000,true,HUESPED_2
11/4/2023,HAB_2,750000,true,HUESPED_4
11/4/2023,HAB_3,1000000,true,HUESPED_6
11/4/2023,HAB_4,500000,true,HUESPED_9
11/4/2023,HAB_5,750000,false,NULL
11/5/2023,HAB_1,500000,true,HUESPED_2
11/5/2023,HAB_2,750000,true,HUESPED_4
11/5/2023,HAB_3,1000000,true,HUESPED_6
11/5/2023,HAB_4,500000,true,HUESPED_9
11/5/2023,HAB_5,750000,false,NULL
11/6/2023,HAB_1,500000,true,HUESPED_2
11/6/2023,HAB_2,750000,true,HUESPED_4
11/6/2023,HAB_3,1000000,true,HUESPED_6
11/6/2023,HAB_4,500000,true,HUESPED_9
11/6/2023,HAB_5,750000,false,NULL
11/7/2023,HAB_1,500000,true,HUESPED_2
11/7/2023,HAB_2,750000,true,HUESPED_4
11/7/2023,HAB_3,1000000,true,HUESPED_6
11/7/2023,HAB_4,500000,true,HUESPED_9
11/7/2023,HAB_5,750000,false,NULL
11/8/2023,HAB_1,500000,true,HUESPED_2
11/8/2023,HAB_2,750000,true,HUESPED_4
11/8/2023,HAB_3,1000000,true,HUESPED_6
11/8/2023,HAB_4,500000,true,HUESPED_9
11/8/2023,HAB_5,750000,false,NULL
11/9/2023,HAB_1,500000,true,HUESPED_2
11/9/2023,HAB_2,750000,true,HUESPED_4
11/9/2023,HAB_3,1000000,true,HUESPED_6
11/9/2023,HAB_4,500000,true,HUESPED_9
11/9/2023,HAB_5,750000,false,NULL
11/10/2023,HAB_1,500000,true,HUESPED_2
11/10/2023,HAB_2,750000,true,HUESPED_4
11/10/2023,HAB_3,1000000,true,HUESPED_6
11/10/2023,HAB_4,500000,true,HUESPED_9
11/10/2023,HAB_5,750000,false,NULL
11/11/2023,HAB_1,500000,true,HUESPED_2
11/11/2023,HAB_2,750000,true,HUESPED_4
11/11/2023,HAB_3,1000000,true,HUESPED_6
11/11/2023,HAB_4,500000,true,HUESPED_9
11/11/2023,HAB_5,750000,false,NULL
11/12/2023,HAB_1,500000,true,HUESPED_2
11/12/2023,HAB_2,750000,true,HUESPED_4
11/12/2023,HAB_3,1000000,true,HUESPED_6
11/12/2023,HAB_4,500000,true,HUESPED_9
11/12/2023,HAB_5,750000,false,NULL
11/13/2023,HAB_1,500000,true,HUESPED_2
11/13/2023,HAB_2,750000,true,HUESPED_4
11/13/2023,HAB_3,1000000,true,HUESPED_6
11/13/2023,HAB_4,500000,true,HUESPED_9
11/13/2023,HAB_5,750000,false,NULL
11/14/2023,HAB_1,500000,true,HUESPED_2
11/14/2023,HAB_2,750000,true,HUESPED_4
11/14/2023,HAB_3,1000000,true,HUESPED_6
11/14/2023,HAB_4,500000,true,HUESPED_9
11/14/2023,HAB_5,750000,false,NULL
11/15/2023,HAB_1,500000,true,HUESPED_2
11/15/2023,HAB_2,750000,true,HUESPED_4
11/15/2023,HAB_3,1000000,true,HUESPED_6
11/15/2023,HAB_4,500000,true,HUESPED_9
11/15/2023,HAB_5,750000,false,NULL
11/16/2023,HAB_1,500000,true,HUESPED_2
11/16/2023,HAB_2,750000,true,HUESPED_4
11/16/2023,HAB_3,1000000,true,HUESPED_6
11/16/2023,HAB_4,500000,true,HUESPED_9
11/16/2023,HAB_5,750000,false,NULL
11/17/2023,HAB_1,500000,true,HUESPED_2
11/17/2023,HAB_2,750000,true,HUESPED_4
11/17/2023,HAB_3,1000000,true,HUESPED_6
11/17/2023,HAB_4,500000,true,HUESPED_9
11/17/2023,HAB_5,750000,false,NULL
11/18/2023,HAB_1,500000,true,HUESPED_2
11/18/2023,HAB_2,750000,true,HUESPED_4
11/18/2023,HAB_3,1000000,true,HUESPED_6
11/18/2023,HAB_4,500000,true,HUESPED_9
11/18/2023,HAB_5,750000,false,NULL
11/19/2023,HAB_1,500000,true,HUESPED_2
11/19/2023,HAB_2,750000,true,HUESPED_4
11/19/2023,HAB_3,1000000,true,HUESPED_6
11/19/2023,HAB_4,500000,true,HUESPED_9
11/19/2023,HAB_5,750000,false,NULL
11/20/2023,HAB_1,500000,true,HUESPED_2
11/20/2023,HAB_2,750000,true,HUESPED_4
11/20/2023,HAB_3,1000000,true,HUESPED_6
11/20/2023,HAB_4,500000,true,HUESPED_9
11/20/2023,HAB_5,750000,false,NULL
11/21/2023,HAB_1,500000,true,HUESPED_2
11/21/2023,HAB_2,750000,true,HUESPED_4
11/21/2023,HAB_3,1000000,true,HUESPED_6
11/21/2023,HAB_4,500000,true,HUESPED_9
11/21/2023,HAB_5,750000,false,NULL
11/22/2023,HAB_1,500000,true,HUESPED_2
11/22/2023,HAB_2,750000,true,HUESPED_4
11/22/2023,HAB_3,1000000,true,HUESPED_6
11/22/2023,HAB_4,500000,true,HUESPED_9
11/22/2023,HAB_5,750000,false,NULL
11/23/2023,HAB_1,500000,true,HUESPED_2
11/23/2023,HAB_2,750000,true,HUESPED_4
11/23/2023,HAB_3,1000000,true,HUESPED_6
11/23/2023,HAB_4,500000,true,HUESPED_9
11/23/2023,HAB_5,750000,false,NULL
11/24/2023,HAB_1,500000,true,HUESPED_2
11/24/2023,HAB_2,750000,true,HUESPED_4
11/24/2023,HAB_3,1000000,true,HUESPED_6
11/24/2023,HAB_4,500000,true,HUESPED_9
11/24/2023,HAB_5,750000,false,NULL
11/25/2023,HAB_1,500000,true,HUESPED_2
11/25/2023,HAB_2,750000,true,HUESPED_4
11/25/2023,HAB_3,1000000,true,HUESPED_6
11/25/2023,HAB_4,500000,true,HUESPED_9
11/25/2023,HAB_5,750000,false,NULL
11/26/2023,HAB_1,500000,true,HUESPED_2
11/26/2023,HAB_2,750000,true,HUESPED_4
11/26/2023,HAB_3,1000000,true,HUESPED_6
11/26/2023,HAB_4,500000,true,HUESPED_9
11/26/2023,HAB_5,750000,false,NULL
11/27/2023,HAB_1,500000,true,HUESPED_2
11/27/2023,HAB_2,750000,true,HUESPED_4
11/27/2023,HAB_3,1000000,true,HUESPED_6
11/27/2023,HAB_4,500000,true,HUESPED_9
11/27/2023,HAB_5,750000,false,NULL
11/28/2023,HAB_1,500000,true,HUESPED_2
11/28/2023,HAB_2,750000,true,HUESPED_4
11/28/2023,HAB_3,1000000,true,HUESPED_6
11/28/2023,HAB_4,500000,true,HUESPED_9
11/28/2023,HAB_5,750000,false,NULL
11/29/2023,HAB_1,500000,true,HUESPED_2
11/29/2023,HAB_2,750000,true,HUESPED_4
11/29/2023,HAB_3,1000000,true,HUESPED_6
11/29/2023,HAB_4,500000,true,HUESPED_9
11/29/2023,HAB_5,750000,false,NULL
11/30/2023,HAB_1,500000,true,HUESPED_2
11/30/2023,HAB_2,750000,true,HUESPED_4
11/30/2023,HAB_3,1000000,true,HUESPED_6
11/30/2023,HAB_4,500000,true,HUESPED_9
11/30/2023,HAB_5,750000,false,NULL
12/1/2023,HAB_1,500000,true,HUESPED_2
12/1/2023,HAB_2,750000,true,HUESPED_4
12/1/2023,HAB_3,1000000,true,HUESPED_6
12/1/2023,HAB_4,500000,true,HUESPED_9
12/1/2023,HAB_5,750000,false,NULL
12/2/2023,HAB_1,500000,true,HUESPED_2
12/2/2023,HAB_2,750000,true,HUESPED_4
12/2/2023,HAB_3,1000000,true,HUESPED_6
12/2/2023,HAB_4,500000,true,HUESPED_9
12/2/2023,HAB_5,750000,false,NULL
12/3/2023,HAB_1,500000,true,HUESPED_2
12/3/2023,HAB_2,750000,true,HUESPED_4
12/3/2023,HAB_3,1000000,true,HUESPED_6
12/3/2023,HAB_4,500000,true,HUESPED_9
12/3/2023,HAB_5,750000,false,NULL
12/4/2023,HAB_1,500000,true,HUESPED_2
12/4/2023,HAB_2,750000,true,HUESPED_4
12/4/2023,HAB_3,1000000,true,HUESPED_6
12/4/2023,HAB_4,500000,true,HUESPED_9
12/4/2023,HAB_5,750000,false,NULL
12/5/2023,HAB_1,500000,true,HUESPED_2
12/5/2023,HAB_2,750000,true,HUESPED_4
12/5/2023,HAB_3,1000000,true,HUESPED_6
12/5/2023,HAB_4,500000,true,HUESPED_9
12/5/2023,HAB_5,750000,false,NULL
12/6/2023,HAB_1,500000,true,HUESPED_2
12/6/2023,HAB_2,750000,true,HUESPED_4
12/6/2023,HAB_3,1000000,true,HUESPED_6
12/6/2023,HAB_4,500000,true,HUESPED_9
12/6/2023,HAB_5,750000,false,NULL
12/7/2023,HAB_1,500000,true,HUESPED_2
12/7/2023,HAB_2,750000,true,HUESPED_4
12/7/2023,HAB_3,1000000,true,HUESPED_6
12/7/2023,HAB_4,500000,true,HUESPED_9
12/7/2023,HAB_5,750000,false,NULL
12/8/2023,HAB_1,500000,true,HUESPED_2
12/8/2023,HAB_2,750000,true,HUESPED_4
12/8/2023,HAB_3,1000000,true,HUESPED_6
12/8/2023,HAB_4,500000,true,HUESPED_9
12/8/2023,HAB_5,750000,false,NULL
12/9/2023,HAB_1,500000,true,HUESPED_2
12/9/2023,HAB_2,750000,true,HUESPED_4
12/9/2023,HAB_3,1000000,true,HUESPED_6
12/9/2023,HAB_4,500000,true,HUESPED_9
12/9/2023,HAB_5,750000,false,NULL
12/10/2023,HAB_1,500000,true,HUESPED_2
12/10/2023,HAB_2,750000,true,HUESPED_4
12/10/2023,HAB_3,1000000,true,HUESPED_6
12/10/2023,HAB_4,500000,true,HUESPED_9
12/10/2023,HAB_5,750000,false,NULL
12/11/2023,HAB_1,500000,true,HUESPED_2
12/11/2023,HAB_2,750000,true,HUESPED_4
12/11/2023,HAB_3,1000000,true,HUESPED_6
12/11/2023,HAB_4,500000,true,HUESPED_9
12/11/2023,HAB_5,750000,false,NULL
12/12/2023,HAB_1,500000,true,HUESPED_2
12/12/2023,HAB_2,750000,true,HUESPED_4
12/12/2023,HAB_3,1000000,true,HUESPED_6
12/12/2023,HAB_4,500000,true,HUESPED_9
12/12/2023,HAB_5,750000,false,NULL
12/13/2023,HAB_1,500000,true,HUESPED_2
12/13/2023,HAB_2,750000,true,HUESPED_4
12/13/2023,HAB_3,1000000,true,HUESPED_6
12/13/2023,HAB_4,500000,true,HUESPED_9
12/13/2023,HAB_5,750000,false,NULL
12/14/2023,HAB_1,500000,true,HUESPED_2
12/14/2023,HAB_2,750000,true,HUESPED_4
12/14/2023,HAB_3,1000000,true,HUESPED_6
12/14/2023,HAB_4,500000,true,HUESPED_9
12/14/2023,HAB_5,750000,false,NULL
12/15/2023,HAB_1,500000,true,HUESPED_2
12/15/2023,HAB_2,750000,true,HUESPED_4
12/15/2023,HAB_3,1000000,true,HUESPED_6
12/15/2023,HAB_4,500000,true,HUESPED_9
12/15/2023,HAB_5,750000,false,NULL
12/16/2023,HAB_1,500000,true,HUESPED_2
12/16/2023,HAB_2,750000,true,HUESPED_4
12/16/2023,HAB_3,1000000,true,HUESPED_6
12/16/2023,HAB_4,500000,true,HUESPED_9
12/16/2023,HAB_5,750000,false,NULL
12/17/2023,HAB_1,500000,true,HUESPED_2
12/17/2023,HAB_2,750000,true,HUESPED_4
12/17/2023,HAB_3,1000000,true,HUESPED_6
12/17/2023,HAB_4,500000,true,HUESPED_9
12/17/2023,HAB_5,750000,false,NULL
12/18/2023,HAB_1,500000,true,HUESPED_2
12/18/2023,HAB_2,750000,true,HUESPED_4
12/18/2023,HAB_3,1000000,true,HUESPED_6
12/18/2023,HAB_4,500000,true,HUESPED_9
12/18/2023,HAB_5,750000,false,NULL
12/19/2023,HAB_1,500000,true,HUESPED_2
12/19/2023,HAB_2,750000,true,HUESPED_4
12/19/2023,HAB_3,1000000,true,HUESPED_6
12/19/2023,HAB_4,500000,true,HUESPED_9
12/19/2023,HAB_5,750000,false,NULL
12/20/2023,HAB_1,500000,true,HUESPED_2
12/20/2023,HAB_2,750000,true,HUESPED_4
12/20/2023,HAB_3,1000000,true,HUESPED_6
12/20/2023,HAB_4,500000,true,HUESPED_9
12/20/2023,HAB_5,750000,false,NULL
12/21/2023,HAB_1,500000,true,HUESPED_2
12/21/2023,HAB_2,750000,true,HUESPED_4
12/21/2023,HAB_3,1000000,true,HUESPED_6
12/21/2023,HAB_4,500000,true,HUESPED_9
12/21/2023,HAB_5,750000,false,NULL
12/22/2023,HAB_1,500000,true,HUESPED_2
12/22/2023,HAB_2,750000,true,HUESPED_4
12/22/2023,HAB_3,1000000,true,HUESPED_6
12/22/2023,HAB_4,500000,true,HUESPED_9
12/22/2023,HAB_5,750000,false,NULL
12/23/2023,HAB_1,500000,true,HUESPED_2
12/23/2023,HAB_2,750000,true,HUESPED_4
12/23/2023,HAB_3,1000000,true,HUESPED_6
12/23/2023,HAB_4,500000,true,HUESPED_9
12/23/2023,HAB_5,750000,false,NULL
12/24/2023,HAB_1,500000,true,HUESPED_2
12/24/2023,HAB_2,750000,true,HUESPED_4
12/24/2023,HAB_3,1000000,true,HUESPED_6
12/24/2023,HAB_4,500000,true,HUESPED_9
12/24/2023,HAB_5,750000,false,NULL
12/25/2023,HAB_1,500000,true,HUESPED_2
12/25/2023,HAB_2,750000,true,HUESPED_4
12/25/2023,HAB_3,1000000,true,HUESPED_6
12/25/2023,HAB_4,500000,true,HUESPED_9
12/25/2023,HAB_5,750000,false,NULL
12/26/2023,HAB_1,500000,true,HUESPED_2
12/26/2023,HAB_2,750000,true,HUESPED_4
12/26/2023,HAB_3,1000000,true,HUESPED_6
12/26/2023,HAB_4,500000,true,HUESPED_9
12/26/2023,HAB_5,750000,false,NULL
12/27/2023,HAB_1,500000,true,HUESPED_2
12/27/2023,HAB_2,750000,true,HUESPED_4
12/27/2023,HAB_3,1000000,true,HUESPED_6
12/27/2023,HAB_4,500000,true,HUESPED_9
12/27/2023,HAB_5,750000,false,NULL
12/28/2023,HAB_1,500000,true,HUESPED_2
12/28/2023,HAB_2,750000,true,HUESPED_4
12/28/2023,HAB_3,1000000,true,HUESPED_6
12/28/2023,HAB_4,500000,true,HUESPED_9
12/28/2023,HAB_5,750000,false,NULL
12/29/2023,HAB_1,500000,true,HUESPED_2
12/29/2023,HAB_2,750000,true,HUESPED_4
12/29/2023,HAB_3,1000000,true,HUESPED_6
12/29/2023,HAB_4,500000,true,HUESPED_9
12/29/2023,HAB_5,750000,false,NULL
12/30/2023,HAB_1,500000,true,HUESPED_2
12/30/2023,HAB_2,750000,true,HUESPED_4
12/30/2023,HAB_3,1000000,true,HUESPED_6
12/30/2023,HAB_4,500000,true,HUESPED_9
12/30/2023,HAB_5,750000,false,NULL
12/31/2023,HAB_1,500000,true,HUESPED_2
12/31/2023,HAB_2,750000,true,HUESPED_4
12/31/2023,HAB_3,1000000,true,HUESPED_6
12/31/2023,HAB_4,500000,true,HUESPED_9
12/31/2023,HAB_5,750000,false,NULL
1/1/2024,HAB_1,500000,true,HUESPED_2
1/1/2024,HAB_2,750000,true,HUESPED_4
1/1/2024,HAB_3,1000000,true,HUESPED_6
1/1/2024,HAB_4,500000,true,HUESPED_9
1/1/2024,HAB_5,750000,false,NULL
1/2/2024,HAB_1,500000,true,HUESPED_2
1/2/2024,HAB_2,750000,true,HUESPED_4
1/2/2024,HAB_3,1000000,true,HUESPED_6
1/2/2024,HAB_4,500000,true,HUESPED_9
1/2/2024,HAB_5,750000,false,NULL
1/3/2024,HAB_1,500000,true,HUESPED_2
1/3/2024,HAB_2,750000,true,HUESPED_4
1/3/2024,HAB_3,1000000,true,HUESPED_6
1/3/2024,HAB_4,500000,true,HUESPED_9
1/3/2024,HAB_5,750000,false,NULL
1/4/2024,HAB_1,500000,true,HUESPED_2
1/4/2024,HAB_2,750000,true,HUESPED_4
1/4/2024,HAB_3,1000000,true,HUESPED_6
1/4/2024,HAB_4,500000,true,HUESPED_9
1/4/2024,HAB_5,750000,false,NULL
1/5/2024,HAB_1,500000,true,HUESPED_2
1/5/2024,HAB_2,750000,true,HUESPED_4
1/5/2024,HAB_3,1000000,true,HUESPED_6
1/5/2024,HAB_4,500000,true,HUESPED_9
1/5/2024,HAB_5,750000,false,NULL
1/6/2024,HAB_1,500000,true,HUESPED_2
1/6/2024,HAB_2,750000,true,HUESPED_4
1/6/2024,HAB_3,1000000,true,HUESPED_6
1/6/2024,HAB_4,500000,true,HUESPED_9
1/6/2024,HAB_5,750000,false,NULL
1/7/2024,HAB_1,500000,true,HUESPED_2
1/7/2024,HAB_2,750000,true,HUESPED_4
1/7/2024,HAB_3,1000000,true,HUESPED_6
1/7/2024,HAB_4,500000,true,HUESPED_9
1/7/2024,HAB_5,750000,false,NULL
1/8/2024,HAB_1,500000,true,HUESPED_2
1/8/2024,HAB_2,750000,true,HUESPED_4
1/8/2024,HAB_3,1000000,true,HUESPED_6
1/8/2024,HAB_4,500000,true,HUESPED_9
1/8/2024,HAB_5,750000,false,NULL
1/9/2024,HAB_1,500000,true,HUESPED_2
1/9/2024,HAB_2,750000,true,HUESPED_4
1/9/2024,HAB_3,1000000,true,HUESPED_6
1/9/2024,HAB_4,500000,true,HUESPED_9
1/9/2024,HAB_5,750000,false,NULL
1/10/2024,HAB_1,500000,true,HUESPED_2
1/10/2024,HAB_2,750000,true,HUESPED_4
1/10/2024,HAB_3,1000000,true,HUESPED_6
1/10/2024,HAB_4,500000,true,HUESPED_9
1/10/2024,HAB_5,750000,false,NULL
1/11/2024,HAB_1,500000,true,HUESPED_2
1/11/2024,HAB_2,750000,true,HUESPED_4
1/11/2024,HAB_3,1000000,true,HUESPED_6
1/11/2024,HAB_4,500000,true,HUESPED_9
1/11/2024,HAB_5,750000,false,NULL
1/12/2024,HAB_1,500000,true,HUESPED_2
1/12/2024,HAB_2,750000,true,HUESPED_4
1/12/2024,HAB_3,1000000,true,HUESPED_6
1/12/2024,HAB_4,500000,true,HUESPED_9
1/12/2024,HAB_5,750000,false,NULL
1/13/2024,HAB_1,500000,true,HUESPED_2
1/13/2024,HAB_2,750000,true,HUESPED_4
1/13/2024,HAB_3,1000000,true,HUESPED_6
1/13/2024,HAB_4,500000,true,HUESPED_9
1/13/2024,HAB_5,750000,false,NULL
1/14/2024,HAB_1,500000,true,HUESPED_2
1/14/2024,HAB_2,750000,true,HUESPED_4
1/14/2024,HAB_3,1000000,true,HUESPED_6
1/14/2024,HAB_4,500000,true,HUESPED_9
1/14/2024,HAB_5,750000,false,NULL
1/15/2024,HAB_1,500000,true,HUESPED_2
1/15/2024,HAB_2,750000,true,HUESPED_4
1/15/2024,HAB_3,1000000,true,HUESPED_6
1/15/2024,HAB_4,500000,true,HUESPED_9
1/15/2024,HAB_5,750000,false,NULL
1/16/2024,HAB_1,500000,true,HUESPED_2
1/16/2024,HAB_2,750000,true,HUESPED_4
1/16/2024,HAB_3,1000000,true,HUESPED_6
1/16/2024,HAB_4,500000,true,HUESPED_9
1/16/2024,HAB_5,750000,false,NULL
1/17/2024,HAB_1,500000,true,HUESPED_2
1/17/2024,HAB_2,750000,true,HUESPED_4
1/17/2024,HAB_3,1000000,true,HUESPED_6
1/17/2024,HAB_4,500000,true,HUESPED_9
1/17/2024,HAB_5,750000,false,NULL
1/18/2024,HAB_1,500000,true,HUESPED_2
1/18/2024,HAB_2,750000,true,HUESPED_4
1/18/2024,HAB_3,1000000,true,HUESPED_6
1/18/2024,HAB_4,500000,true,HUESPED_9
1/18/2024,HAB_5,750000,false,NULL
1/19/2024,HAB_1,500000,true,HUESPED_2
1/19/2024,HAB_2,750000,true,HUESPED_4
1/19/2024,HAB_3,1000000,true,HUESPED_6
1/19/2024,HAB_4,500000,true,HUESPED_9
1/19/2024,HAB_5,750000,false,NULL
1/20/2024,HAB_1,500000,true,HUESPED_2
1/20/2024,HAB_2,750000,true,HUESPED_4
1/20/2024,HAB_3,1000000,true,HUESPED_6
1/20/2024,HAB_4,500000,true,HUESPED_9
1/20/2024,HAB_5,750000,false,NULL
1/21/2024,HAB_1,500000,true,HUESPED_2
1/21/2024,HAB_2,750000,true,HUESPED_4
1/21/2024,HAB_3,1000000,true,HUESPED_6
1/21/2024,HAB_4,500000,true,HUESPED_9
1/21/2024,HAB_5,750000,false,NULL
1/22/2024,HAB_1,500000,true,HUESPED_2
1/22/2024,HAB_2,750000,true,HUESPED_4
1/22/2024,HAB_3,1000000,true,HUESPED_6
1/22/2024,HAB_4,500000,true,HUESPED_9
1/22/2024,HAB_5,750000,false,NULL
1/23/2024,HAB_1,500000,true,HUESPED_2
1/23/2024,HAB_2,750000,true,HUESPED_4
1/23/2024,HAB_3,1000000,true,HUESPED_6
1/23/2024,HAB_4,500000,true,HUESPED_9
1/23/2024,HAB_5,750000,false,NULL
1/24/2024,HAB_1,500000,true,HUESPED_2
1/24/2024,HAB_2,750000,true,HUESPED_4
1/24/2024,HAB_3,1000000,true,HUESPED_6
1/24/2024,HAB_4,500000,true,HUESPED_9
1/24/2024,HAB_5,750000,false,NULL
1/25/2024,HAB_1,500000,true,HUESPED_2
1/25/2024,HAB_2,750000,true,HUESPED_4
1/25/2024,HAB_3,1000000,true,HUESPED_6
1/25/2024,HAB_4,500000,true,HUESPED_9
1/25/2024,HAB_5,750000,false,NULL
1/26/2024,HAB_1,500000,true,HUESPED_2
1/26/2024,HAB_2,750000,true,HUESPED_4
1/26/2024,HAB_3,1000000,true,HUESPED_6
1/26/2024,HAB_4,500000,true,HUESPED_9
1/26/2024,HAB_5,750000,false,NULL
1/27/2024,HAB_1,500000,true,HUESPED_2
1/27/2024,HAB_2,750000,true,HUESPED_4
1/27/2024,HAB_3,1000000,true,HUESPED_6
1/27/2024,HAB_4,500000,true,HUESPED_9
1/27/2024,HAB_5,750000,false,NULL
1/28/2024,HAB_1,500000,true,HUESPED_2
1/28/2024,HAB_2,750000,true,HUESPED_4
1/28/2024,HAB_3,1000000,true,HUESPED_6
1/28/2024,HAB_4,500000,true,HUESPED_9
1/28/2024,HAB_5,750000,false,NULL
1/29/2024,HAB_1,500000,true,HUESPED_2
1/29/2024,HAB_2,750000,true,HUESPED_4
1/29/2024,HAB_3,1000000,true,HUESPED_6
1/29/2024,HAB_4,500000,true,HUESPED_9
1/29/2024,HAB_5,750000,false,NULL
1/30/2024,HAB_1,500000,true,HUESPED_2
1/30/2024,HAB_2,750000,true,HUESPED_4
1/30/2024,HAB_3,1000000,true,HUESPED_6
1/30/2024,HAB_4,500000,true,HUESPED_9
1/30/2024,HAB_5,750000,false,NULL
1/31/2024,HAB_1,500000,true,HUESPED_2
1/31/2024,HAB_2,750000,true,HUESPED_4
1/31/2024,HAB_3,1000000,true,HUESPED_6
1/31/2024,HAB_4,500000,true,HUESPED_9
1/31/2024,HAB_5,750000,false,NULL
2/1/2024,HAB_1,500000,true,HUESPED_2
2/1/2024,HAB_2,750000,true,HUESPED_4
2/1/2024,HAB_3,1000000,true,HUESPED_6
2/1/2024,HAB_4,500000,true,HUESPED_9
2/1/2024,HAB_5,750000,false,NULL
2/2/2024,HAB_1,500000,true,HUESPED_2
2/2/2024,HAB_2,750000,true,HUESPED_4
2/2/2024,HAB_3,1000000,true,HUESPED_6
2/2/2024,HAB_4,500000,true,HUESPED_9
2/2/2024,HAB_5,750000,false,NULL
2/3/2024,HAB_1,500000,true,HUESPED_2
2/3/2024,HAB_2,750000,true,HUESPED_4
2/3/2024,HAB_3,1000000,true,HUESPED_6
2/3/2024,HAB_4,500000,true,HUESPED_9
2/3/2024,HAB_5,750000,false,NULL
2/4/2024,HAB_1,500000,true,HUESPED_2
2/4/2024,HAB_2,750000,true,HUESPED_4
2/4/2024,HAB_3,1000000,true,HUESPED_6
2/4/2024,HAB_4,500000,true,HUESPED_9
2/4/2024,HAB_5,750000,false,NULL
2/5/2024,HAB_1,500000,true,HUESPED_2
2/5/2024,HAB_2,750000,true,HUESPED_4
2/5/2024,HAB_3,1000000,true,HUESPED_6
2/5/2024,HAB_4,500000,true,HUESPED_9
2/5/2024,HAB_5,750000,false,NULL
2/6/2024,HAB_1,500000,true,HUESPED_2
2/6/2024,HAB_2,750000,true,HUESPED_4
2/6/2024,HAB_3,1000000,true,HUESPED_6
2/6/2024,HAB_4,500000,true,HUESPED_9
2/6/2024,HAB_5,750000,false,NULL
2/7/2024,HAB_1,500000,true,HUESPED_2
2/7/2024,HAB_2,750000,true,HUESPED_4
2/7/2024,HAB_3,1000000,true,HUESPED_6
2/7/2024,HAB_4,500000,true,HUESPED_9
2/7/2024,HAB_5,750000,false,NULL
2/8/2024,HAB_1,500000,true,HUESPED_2
2/8/2024,HAB_2,750000,true,HUESPED_4
2/8/2024,HAB_3,1000000,true,HUESPED_6
2/8/2024,HAB_4,500000,true,HUESPED_9
2/8/2024,HAB_5,750000,false,NULL
2/9/2024,HAB_1,500000,true,HUESPED_2
2/9/2024,HAB_2,750000,true,HUESPED_4
2/9/2024,HAB_3,1000000,true,HUESPED_6
2/9/2024,HAB_4,500000,true,HUESPED_9
2/9/2024,HAB_5,750000,false,NULL
2/10/2024,HAB_1,500000,true,HUESPED_2
2/10/2024,HAB_2,750000,true,HUESPED_4
2/10/2024,HAB_3,1000000,true,HUESPED_6
2/10/2024,HAB_4,500000,true,HUESPED_9
2/10/2024,HAB_5,750000,false,NULL
2/11/2024,HAB_1,500000,true,HUESPED_2
2/11/2024,HAB_2,750000,true,HUESPED_4
2/11/2024,HAB_3,1000000,true,HUESPED_6
2/11/2024,HAB_4,500000,true,HUESPED_9
2/11/2024,HAB_5,750000,false,NULL
2/12/2024,HAB_1,500000,true,HUESPED_2
2/12/2024,HAB_2,750000,true,HUESPED_4
2/12/2024,HAB_3,1000000,true,HUESPED_6
2/12/2024,HAB_4,500000,true,HUESPED_9
2/12/2024,HAB_5,750000,false,NULL
2/13/2024,HAB_1,500000,true,HUESPED_2
2/13/2024,HAB_2,750000,true,HUESPED_4
2/13/2024,HAB_3,1000000,true,HUESPED_6
2/13/2024,HAB_4,500000,true,HUESPED_9
2/13/2024,HAB_5,750000,false,NULL
2/14/2024,HAB_1,500000,true,HUESPED_2
2/14/2024,HAB_2,750000,true,HUESPED_4
2/14/2024,HAB_3,1000000,true,HUESPED_6
2/14/2024,HAB_4,500000,true,HUESPED_9
2/14/2024,HAB_5,750000,false,NULL
2/15/2024,HAB_1,500000,true,HUESPED_2
2/15/2024,HAB_2,750000,true,HUESPED_4
2/15/2024,HAB_3,1000000,true,HUESPED_6
2/15/2024,HAB_4,500000,true,HUESPED_9
2/15/2024,HAB_5,750000,false,NULL
2/16/2024,HAB_1,500000,true,HUESPED_2
2/16/2024,HAB_2,750000,true,HUESPED_4
2/16/2024,HAB_3,1000000,true,HUESPED_6
2/16/2024,HAB_4,500000,true,HUESPED_9
2/16/2024,HAB_5,750000,false,NULL
2/17/2024,HAB_1,500000,true,HUESPED_2
2/17/2024,HAB_2,750000,true,HUESPED_4
2/17/2024,HAB_3,1000000,true,HUESPED_6
2/17/2024,HAB_4,500000,true,HUESPED_9
2/17/2024,HAB_5,750000,false,NULL
2/18/2024,HAB_1,500000,true,HUESPED_2
2/18/2024,HAB_2,750000,true,HUESPED_4
2/18/2024,HAB_3,1000000,true,HUESPED_6
2/18/2024,HAB_4,500000,true,HUESPED_9
2/18/2024,HAB_5,750000,false,NULL
2/19/2024,HAB_1,500000,true,HUESPED_2
2/19/2024,HAB_2,750000,true,HUESPED_4
2/19/2024,HAB_3,1000000,true,HUESPED_6
2/19/2024,HAB_4,500000,true,HUESPED_9
2/19/2024,HAB_5,750000,false,NULL
2/20/2024,HAB_1,500000,true,HUESPED_2
2/20/2024,HAB_2,750000,true,HUESPED_4
2/20/2024,HAB_3,1000000,true,HUESPED_6
2/20/2024,HAB_4,500000,true,HUESPED_9
2/20/2024,HAB_5,750000,false,NULL
2/21/2024,HAB_1,500000,true,HUESPED_2
2/21/2024,HAB_2,750000,true,HUESPED_4
2/21/2024,HAB_3,1000000,true,HUESPED_6
2/21/2024,HAB_4,500000,true,HUESPED_9
2/21/2024,HAB_5,750000,false,NULL
2/22/2024,HAB_1,500000,true,HUESPED_2
2/22/2024,HAB_2,750000,true,HUESPED_4
2/22/2024,HAB_3,1000000,true,HUESPED_6
2/22/2024,HAB_4,500000,true,HUESPED_9
2/22/2024,HAB_5,750000,false,NULL
2/23/2024,HAB_1,500000,true,HUESPED_2
2/23/2024,HAB_2,750000,true,HUESPED_4
2/23/2024,HAB_3,1000000,true,HUESPED_6
2/23/2024,HAB_4,500000,true,HUESPED_9
2/23/2024,HAB_5,750000,false,NULL
2/24/2024,HAB_1,500000,true,HUESPED_2
2/24/2024,HAB_2,750000,true,HUESPED_4
2/24/2024,HAB_3,1000000,true,HUESPED_6
2/24/2024,HAB_4,500000,true,HUESPED_9
2/24/2024,HAB_5,750000,false,NULL
2/25/2024,HAB_1,500000,true,HUESPED_2
2/25/2024,HAB_2,750000,true,HUESPED_4
2/25/2024,HAB_3,1000000,true,HUESPED_6
2/25/2024,HAB_4,500000,true,HUESPED_9
2/25/2024,HAB_5,750000,false,NULL
2/26/2024,HAB_1,500000,true,HUESPED_2
2/26/2024,HAB_2,750000,true,HUESPED_4
2/26/2024,HAB_3,1000000,true,HUESPED_6
2/26/2024,HAB_4,500000,true,HUESPED_9
2/26/2024,HAB_5,750000,false,NULL
2/27/2024,HAB_1,500000,true,HUESPED_2
2/27/2024,HAB_2,750000,true,HUESPED_4
2/27/2024,HAB_3,1000000,true,HUESPED_6
2/27/2024,HAB_4,500000,true,HUESPED_9
2/27/2024,HAB_5,750000,false,NULL
2/28/2024,HAB_1,500000,true,HUESPED_2
2/28/2024,HAB_2,750000,true,HUESPED_4
2/28/2024,HAB_3,1000000,true,HUESPED_6
2/28/2024,HAB_4,500000,true,HUESPED_9
2/28/2024,HAB_5,750000,false,NULL
2/29/2024,HAB_1,500000,true,HUESPED_2
2/29/2024,HAB_2,750000,true,HUESPED_4
2/29/2024,HAB_3,1000000,true,HUESPED_6
2/29/2024,HAB_4,500000,true,HUESPED_9
2/29/2024,HAB_5,750000,false,NULL
3/1/2024,HAB_1,500000,true,HUESPED_2
3/1/2024,HAB_2,750000,true,HUESPED_4
3/1/2024,HAB_3,1000000,true,HUESPED_6
3/1/2024,HAB_4,500000,true,HUESPED_9
3/1/2024,HAB_5,750000,false,NULL
3/2/2024,HAB_1,500000,true,HUESPED_2
3/2/2024,HAB_2,750000,true,HUESPED_4
3/2/2024,HAB_3,1000000,true,HUESPED_6
3/2/2024,HAB_4,500000,true,HUESPED_9
3/2/2024,HAB_5,750000,false,NULL
3/3/2024,HAB_1,500000,true,HUESPED_2
3/3/2024,HAB_2,750000,true,HUESPED_4
3/3/2024,HAB_3,1000000,true,HUESPED_6
3/3/2024,HAB_4,500000,true,HUESPED_9
3/3/2024,HAB_5,750000,false,NULL
3/4/2024,HAB_1,500000,true,HUESPED_2
3/4/2024,HAB_2,750000,true,HUESPED_4
3/4/2024,HAB_3,1000000,true,HUESPED_6
3/4/2024,HAB_4,500000,true,HUESPED_9
3/4/2024,HAB_5,750000,false,NULL
3/5/2024,HAB_1,500000,true,HUESPED_2
3/5/2024,HAB_2,750000,true,HUESPED_4
3/5/2024,HAB_3,1000000,true,HUESPED_6
3/5/2024,HAB_4,500000,true,HUESPED_9
3/5/2024,HAB_5,750000,false,NULL
3/6/2024,HAB_1,500000,true,HUESPED_2
3/6/2024,HAB_2,750000,true,HUESPED_4
3/6/2024,HAB_3,1000000,true,HUESPED_6
3/6/2024,HAB_4,500000,true,HUESPED_9
3/6/2024,HAB_5,750000,false,NULL
3/7/2024,HAB_1,500000,true,HUESPED_2
3/7/2024,HAB_2,750000,true,HUESPED_4
3/7/2024,HAB_3,1000000,true,HUESPED_6
3/7/2024,HAB_4,500000,true,HUESPED_9
3/7/2024,HAB_5,750000,false,NULL
3/8/2024,HAB_1,500000,true,HUESPED_2
3/8/2024,HAB_2,750000,true,HUESPED_4
3/8/2024,HAB_3,1000000,true,HUESPED_6
3/8/2024,HAB_4,500000,true,HUESPED_9
3/8/2024,HAB_5,750000,false,NULL
3/9/2024,HAB_1,500000,true,HUESPED_2
3/9/2024,HAB_2,750000,true,HUESPED_4
3/9/2024,HAB_3,1000000,true,HUESPED_6
3/9/2024,HAB_4,500000,true,HUESPED_9
3/9/2024,HAB_5,750000,false,NULL
3/10/2024,HAB_1,500000,true,HUESPED_2
3/10/2024,HAB_2,750000,true,HUESPED_4
3/10/2024,HAB_3,1000000,true,HUESPED_6
3/10/2024,HAB_4,500000,true,HUESPED_9
3/10/2024,HAB_5,750000,false,NULL
3/11/2024,HAB_1,500000,true,HUESPED_2
3/11/2024,HAB_2,750000,true,HUESPED_4
3/11/2024,HAB_3,1000000,true,HUESPED_6
3/11/2024,HAB_4,500000,true,HUESPED_9
3/11/2024,HAB_5,750000,false,NULL
3/12/2024,HAB_1,500000,true,HUESPED_2
3/12/2024,HAB_2,750000,true,HUESPED_4
3/12/2024,HAB_3,1000000,true,HUESPED_6
3/12/2024,HAB_4,500000,true,HUESPED_9
3/12/2024,HAB_5,750000,false,NULL
3/13/2024,HAB_1,500000,true,HUESPED_2
3/13/2024,HAB_2,750000,true,HUESPED_4
3/13/2024,HAB_3,1000000,true,HUESPED_6
3/13/2024,HAB_4,500000,true,HUESPED_9
3/13/2024,HAB_5,750000,false,NULL
3/14/2024,HAB_1,500000,true,HUESPED_2
3/14/2024,HAB_2,750000,true,HUESPED_4
3/14/2024,HAB_3,1000000,true,HUESPED_6
3/14/2024,HAB_4,500000,true,HUESPED_9
3/14/2024,HAB_5,750000,false,NULL
3/15/2024,HAB_1,500000,true,HUESPED_2
3/15/2024,HAB_2,750000,true,HUESPED_4
3/15/2024,HAB_3,1000000,true,HUESPED_6
3/15/2024,HAB_4,500000,true,HUESPED_9
3/15/2024,HAB_5,750000,false,NULL
3/16/2024,HAB_1,500000,true,HUESPED_2
3/16/2024,HAB_2,750000,true,HUESPED_4
3/16/2024,HAB_3,1000000,true,HUESPED_6
3/16/2024,HAB_4,500000,true,HUESPED_9
3/16/2024,HAB_5,750000,false,NULL
3/17/2024,HAB_1,500000,true,HUESPED_2
3/17/2024,HAB_2,750000,true,HUESPED_4
3/17/2024,HAB_3,1000000,true,HUESPED_6
3/17/2024,HAB_4,500000,true,HUESPED_9
3/17/2024,HAB_5,750000,false,NULL
3/18/2024,HAB_1,500000,true,HUESPED_2
3/18/2024,HAB_2,750000,true,HUESPED_4
3/18/2024,HAB_3,1000000,true,HUESPED_6
3/18/2024,HAB_4,500000,true,HUESPED_9
3/18/2024,HAB_5,750000,false,NULL
3/19/2024,HAB_1,500000,true,HUESPED_2
3/19/2024,HAB_2,750000,true,HUESPED_4
3/19/2024,HAB_3,1000000,true,HUESPED_6
3/19/2024,HAB_4,500000,true,HUESPED_9
3/19/2024,HAB_5,750000,false,NULL
3/20/2024,HAB_1,500000,true,HUESPED_2
3/20/2024,HAB_2,750000,true,HUESPED_4
3/20/2024,HAB_3,1000000,true,HUESPED_6
3/20/2024,HAB_4,500000,true,HUESPED_9
3/20/2024,HAB_5,750000,false,NULL
3/21/2024,HAB_1,500000,true,HUESPED_2
3/21/2024,HAB_2,750000,true,HUESPED_4
3/21/2024,HAB_3,1000000,true,HUESPED_6
3/21/2024,HAB_4,500000,true,HUESPED_9
3/21/2024,HAB_5,750000,false,NULL
3/22/2024,HAB_1,500000,true,HUESPED_2
3/22/2024,HAB_2,750000,true,HUESPED_4
3/22/2024,HAB_3,1000000,true,HUESPED_6
3/22/2024,HAB_4,500000,true,HUESPED_9
3/22/2024,HAB_5,750000,false,NULL
3/23/2024,HAB_1,500000,true,HUESPED_2
3/23/2024,HAB_2,750000,true,HUESPED_4
3/23/2024,HAB_3,1000000,true,HUESPED_6
3/23/2024,HAB_4,500000,true,HUESPED_9
3/23/2024,HAB_5,750000,false,NULL
3/24/2024,HAB_1,500000,true,HUESPED_2
3/24/2024,HAB_2,750000,true,HUESPED_4
3/24/2024,HAB_3,1000000,true,HUESPED_6
3/24/2024,HAB_4,500000,true,HUESPED_9
3/24/2024,HAB_5,750000,false,NULL
3/25/2024,HAB_1,500000,true,HUESPED_2
3/25/2024,HAB_2,750000,true,HUESPED_4
3/25/2024,HAB_3,1000000,true,HUESPED_6
3/25/2024,HAB_4,500000,true,HUESPED_9
3/25/2024,HAB_5,750000,false,NULL
3/26/2024,HAB_1,500000,true,HUESPED_2
3/26/2024,HAB_2,750000,true,HUESPED_4
3/26/2024,HAB_3,1000000,true,HUESPED_6
3/26/2024,HAB_4,500000,true,HUESPED_9
3/26/2024,HAB_5,750000,false,NULL
3/27/2024,HAB_1,500000,true,HUESPED_2
3/27/2024,HAB_2,750000,true,HUESPED_4
3/27/2024,HAB_3,1000000,true,HUESPED_6
3/27/2024,HAB_4,500000,true,HUESPED_9
3/27/2024,HAB_5,750000,false,NULL
3/28/2024,HAB_1,500000,true,HUESPED_2
3/28/2024,HAB_2,750000,true,HUESPED_4
3/28/2024,HAB_3,1000000,true,HUESPED_6
3/28/2024,HAB_4,500000,true,HUESPED_9
3/28/2024,HAB_5,750000,false,NULL
3/29/2024,HAB_1,500000,true,HUESPED_2
3/29/2024,HAB_2,750000,true,HUESPED_4
3/29/2024,HAB_3,1000000,true,HUESPED_6
3/29/2024,HAB_4,500000,true,HUESPED_9
3/29/2024,HAB_5,750000,false,NULL
3/30/2024,HAB_1,500000,true,HUESPED_2
3/30/2024,HAB_2,750000,true,HUESPED_4
3/30/2024,HAB_3,1000000,true,HUESPED_6
3/30/2024,HAB_4,500000,true,HUESPED_9
3/30/2024,HAB_5,750000,false,NULL
3/31/2024,HAB_1,500000,true,HUESPED_2
3/31/2024,HAB_2,750000,true,HUESPED_4
3/31/2024,HAB_3,1000000,true,HUESPED_6
3/31/2024,HAB_4,500000,true,HUESPED_9
3/31/2024,HAB_5,750000,false,NULL
4/1/2024,HAB_1,500000,true,HUESPED_2
4/1/2024,HAB_2,750000,true,HUESPED_4
4/1/2024,HAB_3,1000000,true,HUESPED_6
4/1/2024,HAB_4,500000,true,HUESPED_9
4/1/2024,HAB_5,750000,false,NULL
4/2/2024,HAB_1,500000,true,HUESPED_2
4/2/2024,HAB_2,750000,true,HUESPED_4
4/2/2024,HAB_3,1000000,true,HUESPED_6
4/2/2024,HAB_4,500000,true,HUESPED_9
4/2/2024,HAB_5,750000,false,NULL
4/3/2024,HAB_1,500000,true,HUESPED_2
4/3/2024,HAB_2,750000,true,HUESPED_4
4/3/2024,HAB_3,1000000,true,HUESPED_6
4/3/2024,HAB_4,500000,true,HUESPED_9
4/3/2024,HAB_5,750000,false,NULL
4/4/2024,HAB_1,500000,true,HUESPED_2
4/4/2024,HAB_2,750000,true,HUESPED_4
4/4/2024,HAB_3,1000000,true,HUESPED_6
4/4/2024,HAB_4,500000,true,HUESPED_9
4/4/2024,HAB_5,750000,false,NULL
4/5/2024,HAB_1,500000,true,HUESPED_2
4/5/2024,HAB_2,750000,true,HUESPED_4
4/5/2024,HAB_3,1000000,true,HUESPED_6
4/5/2024,HAB_4,500000,true,HUESPED_9
4/5/2024,HAB_5,750000,false,NULL
4/6/2024,HAB_1,500000,true,HUESPED_2
4/6/2024,HAB_2,750000,true,HUESPED_4
4/6/2024,HAB_3,1000000,true,HUESPED_6
4/6/2024,HAB_4,500000,true,HUESPED_9
4/6/2024,HAB_5,750000,false,NULL
4/7/2024,HAB_1,500000,true,HUESPED_2
4/7/2024,HAB_2,750000,true,HUESPED_4
4/7/2024,HAB_3,1000000,true,HUESPED_6
4/7/2024,HAB_4,500000,true,HUESPED_9
4/7/2024,HAB_5,750000,false,NULL
4/8/2024,HAB_1,500000,true,HUESPED_2
4/8/2024,HAB_2,750000,true,HUESPED_4
4/8/2024,HAB_3,1000000,true,HUESPED_6
4/8/2024,HAB_4,500000,true,HUESPED_9
4/8/2024,HAB_5,750000,false,NULL
4/9/2024,HAB_1,500000,true,HUESPED_2
4/9/2024,HAB_2,750000,true,HUESPED_4
4/9/2024,HAB_3,1000000,true,HUESPED_6
4/9/2024,HAB_4,500000,true,HUESPED_9
4/9/2024,HAB_5,750000,false,NULL
4/10/2024,HAB_1,500000,true,HUESPED_2
4/10/2024,HAB_2,750000,true,HUESPED_4
4/10/2024,HAB_3,1000000,true,HUESPED_6
4/10/2024,HAB_4,500000,true,HUESPED_9
4/10/2024,HAB_5,750000,false,NULL
4/11/2024,HAB_1,500000,true,HUESPED_2
4/11/2024,HAB_2,750000,true,HUESPED_4
4/11/2024,HAB_3,1000000,true,HUESPED_6
4/11/2024,HAB_4,500000,true,HUESPED_9
4/11/2024,HAB_5,750000,false,NULL
4/12/2024,HAB_1,500000,true,HUESPED_2
4/12/2024,HAB_2,750000,true,HUESPED_4
4/12/2024,HAB_3,1000000,true,HUESPED_6
4/12/2024,HAB_4,500000,true,HUESPED_9
4/12/2024,HAB_5,750000,false,NULL
4/13/2024,HAB_1,500000,true,HUESPED_2
4/13/2024,HAB_2,750000,true,HUESPED_4
4/13/2024,HAB_3,1000000,true,HUESPED_6
4/13/2024,HAB_4,500000,true,HUESPED_9
4/13/2024,HAB_5,750000,false,NULL
4/14/2024,HAB_1,500000,true,HUESPED_2
4/14/2024,HAB_2,750000,true,HUESPED_4
4/14/2024,HAB_3,1000000,true,HUESPED_6
4/14/2024,HAB_4,500000,true,HUESPED_9
4/14/2024,HAB_5,750000,false,NULL
4/15/2024,HAB_1,500000,true,HUESPED_2
4/15/2024,HAB_2,750000,true,HUESPED_4
4/15/2024,HAB_3,1000000,true,HUESPED_6
4/15/2024,HAB_4,500000,true,HUESPED_9
4/15/2024,HAB_5,750000,false,NULL
4/16/2024,HAB_1,500000,true,HUESPED_2
4/16/2024,HAB_2,750000,true,HUESPED_4
4/16/2024,HAB_3,1000000,true,HUESPED_6
4/16/2024,HAB_4,500000,true,HUESPED_9
4/16/2024,HAB_5,750000,false,NULL
4/17/2024,HAB_1,500000,true,HUESPED_2
4/17/2024,HAB_2,750000,true,HUESPED_4
4/17/2024,HAB_3,1000000,true,HUESPED_6
4/17/2024,HAB_4,500000,true,HUESPED_9
4/17/2024,HAB_5,750000,false,NULL
4/18/2024,HAB_1,500000,true,HUESPED_2
4/18/2024,HAB_2,750000,true,HUESPED_4
4/18/2024,HAB_3,1000000,true,HUESPED_6
4/18/2024,HAB_4,500000,true,HUESPED_9
4/18/2024,HAB_5,750000,false,NULL
4/19/2024,HAB_1,500000,true,HUESPED_2
4/19/2024,HAB_2,750000,true,HUESPED_4
4/19/2024,HAB_3,1000000,true,HUESPED_6
4/19/2024,HAB_4,500000,true,HUESPED_9
4/19/2024,HAB_5,750000,false,NULL
4/20/2024,HAB_1,500000,true,HUESPED_2
4/20/2024,HAB_2,750000,true,HUESPED_4
4/20/2024,HAB_3,1000000,true,HUESPED_6
4/20/2024,HAB_4,500000,true,HUESPED_9
4/20/2024,HAB_5,750000,false,NULL
4/21/2024,HAB_1,500000,true,HUESPED_2
4/21/2024,HAB_2,750000,true,HUESPED_4
4/21/2024,HAB_3,1000000,true,HUESPED_6
4/21/2024,HAB_4,500000,true,HUESPED_9
4/21/2024,HAB_5,750000,false,NULL
4/22/2024,HAB_1,500000,true,HUESPED_2
4/22/2024,HAB_2,750000,true,HUESPED_4
4/22/2024,HAB_3,1000000,true,HUESPED_6
4/22/2024,HAB_4,500000,true,HUESPED_9
4/22/2024,HAB_5,750000,false,NULL
4/23/2024,HAB_1,500000,true,HUESPED_2
4/23/2024,HAB_2,750000,true,HUESPED_4
4/23/2024,HAB_3,1000000,true,HUESPED_6
4/23/2024,HAB_4,500000,true,HUESPED_9
4/23/2024,HAB_5,750000,false,NULL
4/24/2024,HAB_1,500000,true,HUESPED_2
4/24/2024,HAB_2,750000,true,HUESPED_4
4/24/2024,HAB_3,1000000,true,HUESPED_6
4/24/2024,HAB_4,500000,true,HUESPED_9
4/24/2024,HAB_5,750000,false,NULL
4/25/2024,HAB_1,500000,true,HUESPED_2
4/25/2024,HAB_2,750000,true,HUESPED_4
4/25/2024,HAB_3,1000000,true,HUESPED_6
4/25/2024,HAB_4,500000,true,HUESPED_9
4/25/2024,HAB_5,750000,false,NULL
4/26/2024,HAB_1,500000,true,HUESPED_2
4/26/2024,HAB_2,750000,true,HUESPED_4
4/26/2024,HAB_3,1000000,true,HUESPED_6
4/26/2024,HAB_4,500000,true,HUESPED_9
4/26/2024,HAB_5,750000,false,NULL
4/27/2024,HAB_1,500000,true,HUESPED_2
4/27/2024,HAB_2,750000,true,HUESPED_4
4/27/2024,HAB_3,1000000,true,HUESPED_6
4/27/2024,HAB_4,500000,true,HUESPED_9
4/27/2024,HAB_5,750000,false,NULL
4/28/2024,HAB_1,500000,true,HUESPED_2
4/28/2024,HAB_2,750000,true,HUESPED_4
4/28/2024,HAB_3,1000000,true,HUESPED_6
4/28/2024,HAB_4,500000,true,HUESPED_9
4/28/2024,HAB_5,750000,false,NULL
4/29/2024,HAB_1,500000,true,HUESPED_2
4/29/2024,HAB_2,750000,true,HUESPED_4
4/29/2024,HAB_3,1000000,true,HUESPED_6
4/29/2024,HAB_4,500000,true,HUESPED_9
4/29/2024,HAB_5,750000,false,NULL
4/30/2024,HAB_1,500000,true,HUESPED_2
4/30/2024,HAB_2,750000,true,HUESPED_4
4/30/2024,HAB_3,1000000,true,HUESPED_6
4/30/2024,HAB_4,500000,true,HUESPED_9
4/30/2024,HAB_5,750000,false,NULL
5/1/2024,HAB_1,500000,true,HUESPED_2
5/1/2024,HAB_2,750000,true,HUESPED_4
5/1/2024,HAB_3,1000000,true,HUESPED_6
5/1/2024,HAB_4,500000,true,HUESPED_9
5/1/2024,HAB_5,750000,false,NULL
5/2/2024,HAB_1,500000,true,HUESPED_2
5/2/2024,HAB_2,750000,true,HUESPED_4
5/2/2024,HAB_3,1000000,true,HUESPED_6
5/2/2024,HAB_4,500000,true,HUESPED_9
5/2/2024,HAB_5,750000,false,NULL
5/3/2024,HAB_1,500000,true,HUESPED_2
5/3/2024,HAB_2,750000,true,HUESPED_4
5/3/2024,HAB_3,1000000,true,HUESPED_6
5/3/2024,HAB_4,500000,true,HUESPED_9
5/3/2024,HAB_5,750000,false,NULL
5/4/2024,HAB_1,500000,true,HUESPED_2
5/4/2024,HAB_2,750000,true,HUESPED_4
5/4/2024,HAB_3,1000000,true,HUESPED_6
5/4/2024,HAB_4,500000,true,HUESPED_9
5/4/2024,HAB_5,750000,false,NULL
5/5/2024,HAB_1,500000,true,HUESPED_2
5/5/2024,HAB_2,750000,true,HUESPED_4
5/5/2024,HAB_3,1000000,true,HUESPED_6
5/5/2024,HAB_4,500000,true,HUESPED_9
5/5/2024,HAB_5,750000,false,NULL

